upload_priority,sku,level,board,board_label,tier_scope,listing_title,listing_title_short_en,listing_title_mobile_en,listing_title_original_len,listing_title_short_len,listing_title_mobile_len,price_early_bird,price_regular,payhip_url_seed,slug_candidate
1,L3-CIE0580-U1,L3,cie0580,CIE 0580,Core + Extended,CIE 0580 U1 Number Unit Bundle,CIE 0580 U1 Number Unit,CIE 0580 U1 Number Unit,30,23,23,US$20,US$25,https://payhip.com/25maths?src=cie0580-unit-number,l3-cie0580-u1
1,L3-CIE0580-U2,L3,cie0580,CIE 0580,Core + Extended,CIE 0580 U2 Algebra and Graphs Unit Bundle,CIE 0580 U2 Algebra & Graphs Unit,CIE 0580 U2 Algebra & Graphs Unit,42,33,33,US$20,US$25,https://payhip.com/25maths?src=cie0580-unit-algebra,l3-cie0580-u2
1,L3-CIE0580-U3,L3,cie0580,CIE 0580,Core + Extended,CIE 0580 U3 Coordinate Geometry Unit Bundle,CIE 0580 U3 Coord Geometry Unit,CIE 0580 U3 Coord Geometry Unit,43,31,31,US$20,US$25,https://payhip.com/25maths?src=cie0580-unit-coordinate,l3-cie0580-u3
1,L3-CIE0580-U4,L3,cie0580,CIE 0580,Core + Extended,CIE 0580 U4 Geometry Unit Bundle,CIE 0580 U4 Geometry Unit,CIE 0580 U4 Geometry Unit,32,25,25,US$20,US$25,https://payhip.com/25maths?src=cie0580-unit-geometry,l3-cie0580-u4
1,L3-CIE0580-U5,L3,cie0580,CIE 0580,Core + Extended,CIE 0580 U5 Mensuration Unit Bundle,CIE 0580 U5 Mensuration Unit,CIE 0580 U5 Mensuration Unit,35,28,28,US$20,US$25,https://payhip.com/25maths?src=cie0580-unit-mensuration,l3-cie0580-u5
1,L3-CIE0580-U6,L3,cie0580,CIE 0580,Core + Extended,CIE 0580 U6 Trigonometry Unit Bundle,CIE 0580 U6 Trigonometry Unit,CIE 0580 U6 Trigonometry Unit,36,29,29,US$20,US$25,https://payhip.com/25maths?src=cie0580-unit-trigonometry,l3-cie0580-u6
1,L3-CIE0580-U7,L3,cie0580,CIE 0580,Core + Extended,CIE 0580 U7 Transformations and Vectors Unit Bundle,CIE 0580 U7 Transforms & Vectors Unit,CIE 0580 U7 Transforms & Vectors Unit,51,37,37,US$20,US$25,https://payhip.com/25maths?src=cie0580-unit-transformations,l3-cie0580-u7
1,L3-CIE0580-U8,L3,cie0580,CIE 0580,Core + Extended,CIE 0580 U8 Probability Unit Bundle,CIE 0580 U8 Probability Unit,CIE 0580 U8 Probability Unit,35,28,28,US$20,US$25,https://payhip.com/25maths?src=cie0580-unit-probability,l3-cie0580-u8
1,L3-CIE0580-U9,L3,cie0580,CIE 0580,Core + Extended,CIE 0580 U9 Statistics Unit Bundle,CIE 0580 U9 Statistics Unit,CIE 0580 U9 Statistics Unit,34,27,27,US$20,US$25,https://payhip.com/25maths?src=cie0580-unit-statistics,l3-cie0580-u9
1,L3-EDX4MA1-U1,L3,edexcel-4ma1,Edexcel 4MA1,Foundation + Higher,Edexcel 4MA1 U1 Number and Arithmetic Unit Bundle,Edexcel 4MA1 U1 Number & Arithmetic Unit,Edexcel 4MA1 U1 Number & Arithmetic Unit,49,40,40,US$20,US$25,https://payhip.com/25maths?src=edexcel4ma1-unit-number,l3-edx4ma1-u1
1,L3-EDX4MA1-U2,L3,edexcel-4ma1,Edexcel 4MA1,Foundation + Higher,"Edexcel 4MA1 U2 Equations, Formulae and Identities Unit Bundle","Edexcel 4MA1 U2 Equations, Formulae & Identities Unit","4MA1 U2 Equations, Formulae & Identities Unit",62,53,45,US$20,US$25,https://payhip.com/25maths?src=edexcel4ma1-unit-equations,l3-edx4ma1-u2
1,L3-EDX4MA1-U3,L3,edexcel-4ma1,Edexcel 4MA1,Foundation + Higher,"Edexcel 4MA1 U3 Functions, Sequences and Graphs Unit Bundle","Edexcel 4MA1 U3 Functions, Sequences & Graphs Unit","Edexcel 4MA1 U3 Functions, Sequences & Graphs Unit",59,50,50,US$20,US$25,https://payhip.com/25maths?src=edexcel4ma1-unit-sequences,l3-edx4ma1-u3
1,L3-EDX4MA1-U4,L3,edexcel-4ma1,Edexcel 4MA1,Foundation + Higher,Edexcel 4MA1 U4 Geometry and Mensuration Unit Bundle,Edexcel 4MA1 U4 Geometry & Mensuration Unit,Edexcel 4MA1 U4 Geometry & Mensuration Unit,52,43,43,US$20,US$25,https://payhip.com/25maths?src=edexcel4ma1-unit-geometry,l3-edx4ma1-u4
1,L3-EDX4MA1-U5,L3,edexcel-4ma1,Edexcel 4MA1,Foundation + Higher,Edexcel 4MA1 U5 Vectors and Transformations Unit Bundle,Edexcel 4MA1 U5 Vectors & Transforms Unit,Edexcel 4MA1 U5 Vectors & Transforms Unit,55,41,41,US$20,US$25,https://payhip.com/25maths?src=edexcel4ma1-unit-vectors,l3-edx4ma1-u5
1,L3-EDX4MA1-U6,L3,edexcel-4ma1,Edexcel 4MA1,Foundation + Higher,Edexcel 4MA1 U6 Statistics and Probability Unit Bundle,Edexcel 4MA1 U6 Stats & Prob Unit,Edexcel 4MA1 U6 Stats & Prob Unit,54,33,33,US$20,US$25,https://payhip.com/25maths?src=edexcel4ma1-unit-statistics,l3-edx4ma1-u6
2,L4-CIE0580-ALLUNITS,L4,cie0580,CIE 0580,All tiers (9 units),CIE 0580 All-Units Mega Bundle,CIE 0580 All-Units Bundle,CIE 0580 All-Units Bundle,30,25,25,US$89,US$119,https://payhip.com/25maths?src=cie0580-all-units,l4-cie0580-allunits
2,L4-EDX4MA1-ALLUNITS,L4,edexcel-4ma1,Edexcel 4MA1,All tiers (6 units),Edexcel 4MA1 All-Units Mega Bundle,Edexcel 4MA1 All-Units Bundle,Edexcel 4MA1 All-Units Bundle,34,29,29,US$79,US$99,https://payhip.com/25maths?src=edexcel4ma1-all-units,l4-edx4ma1-allunits
3,L2-CIE0580-C1,L2,cie0580,CIE 0580,Core,CIE 0580 C1 Number (Core) Section Bundle,CIE 0580 C1 Number (Core) Sec Bundle,CIE 0580 C1 Number (Core) Sec Bundle,40,36,36,US$12,US$15,https://payhip.com/25maths?src=kahoot_cie0580_l2&asset=c1,l2-cie0580-c1
3,L2-CIE0580-C2,L2,cie0580,CIE 0580,Core,CIE 0580 C2 Algebra and Graphs (Core) Section Bundle,CIE 0580 C2 Algebra & Graphs (Core) Sec Bundle,CIE 0580 C2 Algebra & Graphs (Core) Sec Bundle,52,46,46,US$12,US$15,https://payhip.com/25maths?src=kahoot_cie0580_l2&asset=c2,l2-cie0580-c2
3,L2-CIE0580-C3,L2,cie0580,CIE 0580,Core,CIE 0580 C3 Coordinate Geometry (Core) Section Bundle,CIE 0580 C3 Coord Geometry (Core) Sec Bundle,CIE 0580 C3 Coord Geometry (Core) Sec Bundle,53,44,44,US$12,US$15,https://payhip.com/25maths?src=kahoot_cie0580_l2&asset=c3,l2-cie0580-c3
3,L2-CIE0580-C4,L2,cie0580,CIE 0580,Core,CIE 0580 C4 Geometry (Core) Section Bundle,CIE 0580 C4 Geometry (Core) Sec Bundle,CIE 0580 C4 Geometry (Core) Sec Bundle,42,38,38,US$12,US$15,https://payhip.com/25maths?src=kahoot_cie0580_l2&asset=c4,l2-cie0580-c4
3,L2-CIE0580-C5,L2,cie0580,CIE 0580,Core,CIE 0580 C5 Mensuration (Core) Section Bundle,CIE 0580 C5 Mensuration (Core) Sec Bundle,CIE 0580 C5 Mensuration (Core) Sec Bundle,45,41,41,US$12,US$15,https://payhip.com/25maths?src=kahoot_cie0580_l2&asset=c5,l2-cie0580-c5
3,L2-CIE0580-C6,L2,cie0580,CIE 0580,Core,CIE 0580 C6 Trigonometry (Core) Section Bundle,CIE 0580 C6 Trigonometry (Core) Sec Bundle,CIE 0580 C6 Trigonometry (Core) Sec Bundle,46,42,42,US$12,US$15,https://payhip.com/25maths?src=kahoot_cie0580_l2&asset=c6,l2-cie0580-c6
3,L2-CIE0580-C7,L2,cie0580,CIE 0580,Core,CIE 0580 C7 Transformations and Vectors (Core) Section Bundle,CIE 0580 C7 Transforms & Vectors (Core) Sec Bundle,CIE 0580 C7 Transforms & Vectors (Core) Sec Bundle,61,50,50,US$12,US$15,https://payhip.com/25maths?src=kahoot_cie0580_l2&asset=c7,l2-cie0580-c7
3,L2-CIE0580-C8,L2,cie0580,CIE 0580,Core,CIE 0580 C8 Probability (Core) Section Bundle,CIE 0580 C8 Probability (Core) Sec Bundle,CIE 0580 C8 Probability (Core) Sec Bundle,45,41,41,US$12,US$15,https://payhip.com/25maths?src=kahoot_cie0580_l2&asset=c8,l2-cie0580-c8
3,L2-CIE0580-C9,L2,cie0580,CIE 0580,Core,CIE 0580 C9 Statistics (Core) Section Bundle,CIE 0580 C9 Statistics (Core) Sec Bundle,CIE 0580 C9 Statistics (Core) Sec Bundle,44,40,40,US$12,US$15,https://payhip.com/25maths?src=kahoot_cie0580_l2&asset=c9,l2-cie0580-c9
3,L2-CIE0580-E1,L2,cie0580,CIE 0580,Extended,CIE 0580 E1 Number (Extended) Section Bundle,CIE 0580 E1 Number (Extended) Sec Bundle,CIE 0580 E1 Number (Extended) Sec Bundle,44,40,40,US$12,US$15,https://payhip.com/25maths?src=kahoot_cie0580_l2&asset=e1,l2-cie0580-e1
3,L2-CIE0580-E2,L2,cie0580,CIE 0580,Extended,CIE 0580 E2 Algebra and Graphs (Extended) Section Bundle,CIE 0580 E2 Algebra & Graphs (Extended) Sec Bundle,CIE 0580 E2 Algebra & Graphs (Extended) Sec Bundle,56,50,50,US$12,US$15,https://payhip.com/25maths?src=kahoot_cie0580_l2&asset=e2,l2-cie0580-e2
3,L2-CIE0580-E3,L2,cie0580,CIE 0580,Extended,CIE 0580 E3 Coordinate Geometry (Extended) Section Bundle,CIE 0580 E3 Coord Geometry (Extended) Sec Bundle,CIE 0580 E3 Coord Geometry (Extended) Sec Bundle,57,48,48,US$12,US$15,https://payhip.com/25maths?src=kahoot_cie0580_l2&asset=e3,l2-cie0580-e3
3,L2-CIE0580-E4,L2,cie0580,CIE 0580,Extended,CIE 0580 E4 Geometry (Extended) Section Bundle,CIE 0580 E4 Geometry (Extended) Sec Bundle,CIE 0580 E4 Geometry (Extended) Sec Bundle,46,42,42,US$12,US$15,https://payhip.com/25maths?src=kahoot_cie0580_l2&asset=e4,l2-cie0580-e4
3,L2-CIE0580-E5,L2,cie0580,CIE 0580,Extended,CIE 0580 E5 Mensuration (Extended) Section Bundle,CIE 0580 E5 Mensuration (Extended) Sec Bundle,CIE 0580 E5 Mensuration (Extended) Sec Bundle,49,45,45,US$12,US$15,https://payhip.com/25maths?src=kahoot_cie0580_l2&asset=e5,l2-cie0580-e5
3,L2-CIE0580-E6,L2,cie0580,CIE 0580,Extended,CIE 0580 E6 Trigonometry (Extended) Section Bundle,CIE 0580 E6 Trigonometry (Extended) Sec Bundle,CIE 0580 E6 Trigonometry (Extended) Sec Bundle,50,46,46,US$12,US$15,https://payhip.com/25maths?src=kahoot_cie0580_l2&asset=e6,l2-cie0580-e6
3,L2-CIE0580-E7,L2,cie0580,CIE 0580,Extended,CIE 0580 E7 Transformations and Vectors (Extended) Section Bundle,CIE 0580 E7 Transforms & Vectors (Extended) Sec Bundle,CIE0580 E7 Transforms & Vectors (Ext) Sec Bundle,65,54,48,US$12,US$15,https://payhip.com/25maths?src=kahoot_cie0580_l2&asset=e7,l2-cie0580-e7
3,L2-CIE0580-E8,L2,cie0580,CIE 0580,Extended,CIE 0580 E8 Probability (Extended) Section Bundle,CIE 0580 E8 Probability (Extended) Sec Bundle,CIE 0580 E8 Probability (Extended) Sec Bundle,49,45,45,US$12,US$15,https://payhip.com/25maths?src=kahoot_cie0580_l2&asset=e8,l2-cie0580-e8
3,L2-CIE0580-E9,L2,cie0580,CIE 0580,Extended,CIE 0580 E9 Statistics (Extended) Section Bundle,CIE 0580 E9 Statistics (Extended) Sec Bundle,CIE 0580 E9 Statistics (Extended) Sec Bundle,48,44,44,US$12,US$15,https://payhip.com/25maths?src=kahoot_cie0580_l2&asset=e9,l2-cie0580-e9
3,L2-EDX4MA1-F1,L2,edexcel-4ma1,Edexcel 4MA1,Foundation,Edexcel 4MA1 F1 Number and Arithmetic (Foundation) Section Bundle,Edexcel 4MA1 F1 Number & Arithmetic (Foundation) Sec Bundle,4MA1 F1 Number & Arithmetic (Foundation) Sec Bundle,65,59,51,US$12,US$15,https://payhip.com/25maths?src=kahoot_edexcel_l2&asset=f1,l2-edx4ma1-f1
3,L2-EDX4MA1-F2,L2,edexcel-4ma1,Edexcel 4MA1,Foundation,"Edexcel 4MA1 F2 Equations, Formulae and Identities (Foundation) Section Bundle","4MA1 F2 Equations, Formulae & Identities (Foundation) Sec Bundle","4MA1 F2 Equations, Formulae&Identities Fdn Sec Bund…",78,64,52,US$12,US$15,https://payhip.com/25maths?src=kahoot_edexcel_l2&asset=f2,l2-edx4ma1-f2
3,L2-EDX4MA1-F3,L2,edexcel-4ma1,Edexcel 4MA1,Foundation,"Edexcel 4MA1 F3 Functions, Sequences and Graphs (Foundation) Section Bundle","4MA1 F3 Functions, Sequences & Graphs (Foundation) Sec Bundle","4MA1 F3 Functions, Sequences&Graphs (Fdn) Sec Bundle",75,61,52,US$12,US$15,https://payhip.com/25maths?src=kahoot_edexcel_l2&asset=f3,l2-edx4ma1-f3
3,L2-EDX4MA1-F4,L2,edexcel-4ma1,Edexcel 4MA1,Foundation,Edexcel 4MA1 F4 Geometry and Mensuration (Foundation) Section Bundle,Edexcel 4MA1 F4 Geometry & Mensuration (Foundation) Sec Bundle,4MA1 F4 Geometry & Mensuration (Fdn) Sec Bundle,68,62,47,US$12,US$15,https://payhip.com/25maths?src=kahoot_edexcel_l2&asset=f4,l2-edx4ma1-f4
3,L2-EDX4MA1-F5,L2,edexcel-4ma1,Edexcel 4MA1,Foundation,Edexcel 4MA1 F5 Vectors and Transformations (Foundation) Section Bundle,Edexcel 4MA1 F5 Vectors & Transforms (Foundation) Sec Bundle,4MA1 F5 Vectors & Transforms (Foundation) Sec Bundle,71,60,52,US$12,US$15,https://payhip.com/25maths?src=kahoot_edexcel_l2&asset=f5,l2-edx4ma1-f5
3,L2-EDX4MA1-F6,L2,edexcel-4ma1,Edexcel 4MA1,Foundation,Edexcel 4MA1 F6 Statistics and Probability (Foundation) Section Bundle,Edexcel 4MA1 F6 Stats & Prob (Foundation) Sec Bundle,Edexcel 4MA1 F6 Stats & Prob (Foundation) Sec Bundle,70,52,52,US$12,US$15,https://payhip.com/25maths?src=kahoot_edexcel_l2&asset=f6,l2-edx4ma1-f6
3,L2-EDX4MA1-H1,L2,edexcel-4ma1,Edexcel 4MA1,Higher,Edexcel 4MA1 H1 Number and Arithmetic (Higher) Section Bundle,Edexcel 4MA1 H1 Number & Arithmetic (Higher) Sec Bundle,4MA1 H1 Number & Arithmetic (Higher) Sec Bundle,61,55,47,US$12,US$15,https://payhip.com/25maths?src=kahoot_edexcel_l2&asset=h1,l2-edx4ma1-h1
3,L2-EDX4MA1-H2,L2,edexcel-4ma1,Edexcel 4MA1,Higher,"Edexcel 4MA1 H2 Equations, Formulae and Identities (Higher) Section Bundle","Edexcel 4MA1 H2 Equations, Formulae & Identities (Higher) Sec Bundle","4MA1 H2 Equations, Formulae&Identities H Sec Bundle",74,68,51,US$12,US$15,https://payhip.com/25maths?src=kahoot_edexcel_l2&asset=h2,l2-edx4ma1-h2
3,L2-EDX4MA1-H3,L2,edexcel-4ma1,Edexcel 4MA1,Higher,"Edexcel 4MA1 H3 Functions, Sequences and Graphs (Higher) Section Bundle","Edexcel 4MA1 H3 Functions, Sequences & Graphs (Higher) Sec Bundle","4MA1 H3 Functions, Sequences & Graphs (H) Sec Bundle",71,65,52,US$12,US$15,https://payhip.com/25maths?src=kahoot_edexcel_l2&asset=h3,l2-edx4ma1-h3
3,L2-EDX4MA1-H4,L2,edexcel-4ma1,Edexcel 4MA1,Higher,Edexcel 4MA1 H4 Geometry and Mensuration (Higher) Section Bundle,Edexcel 4MA1 H4 Geometry & Mensuration (Higher) Sec Bundle,4MA1 H4 Geometry & Mensuration (Higher) Sec Bundle,64,58,50,US$12,US$15,https://payhip.com/25maths?src=kahoot_edexcel_l2&asset=h4,l2-edx4ma1-h4
3,L2-EDX4MA1-H5,L2,edexcel-4ma1,Edexcel 4MA1,Higher,Edexcel 4MA1 H5 Vectors and Transformations (Higher) Section Bundle,Edexcel 4MA1 H5 Vectors & Transforms (Higher) Sec Bundle,4MA1 H5 Vectors & Transforms (Higher) Sec Bundle,67,56,48,US$12,US$15,https://payhip.com/25maths?src=kahoot_edexcel_l2&asset=h5,l2-edx4ma1-h5
3,L2-EDX4MA1-H6,L2,edexcel-4ma1,Edexcel 4MA1,Higher,Edexcel 4MA1 H6 Statistics and Probability (Higher) Section Bundle,Edexcel 4MA1 H6 Stats & Prob (Higher) Sec Bundle,Edexcel 4MA1 H6 Stats & Prob (Higher) Sec Bundle,66,48,48,US$12,US$15,https://payhip.com/25maths?src=kahoot_edexcel_l2&asset=h6,l2-edx4ma1-h6
4,L1-CIE0580-C1-01,L1,cie0580,CIE 0580,Core,CIE 0580 C1-01 Types Of Number Worksheet + Kahoot Companion (Core),CIE 0580 C1-01 Types Of Number (Core),CIE 0580 C1-01 Types Of Number (Core),66,37,37,US$3,US$4,https://payhip.com/25maths?src=kahoot_cie0580_l1&asset=c1-01,l1-cie0580-c1-01
4,L1-CIE0580-C1-02,L1,cie0580,CIE 0580,Core,CIE 0580 C1-02 Sets Worksheet + Kahoot Companion (Core),CIE 0580 C1-02 Sets (Core),CIE 0580 C1-02 Sets (Core),55,26,26,US$3,US$4,https://payhip.com/25maths?src=kahoot_cie0580_l1&asset=c1-02,l1-cie0580-c1-02
4,L1-CIE0580-C1-03,L1,cie0580,CIE 0580,Core,CIE 0580 C1-03 Powers And Roots Worksheet + Kahoot Companion (Core),CIE 0580 C1-03 Powers & Roots (Core),CIE 0580 C1-03 Powers & Roots (Core),67,36,36,US$3,US$4,https://payhip.com/25maths?src=kahoot_cie0580_l1&asset=c1-03,l1-cie0580-c1-03
4,L1-CIE0580-C1-04,L1,cie0580,CIE 0580,Core,CIE 0580 C1-04 Fractions Decimals Percentages Worksheet + Kahoot Companion (Core),CIE 0580 C1-04 FDP (Core),CIE 0580 C1-04 FDP (Core),81,25,25,US$3,US$4,https://payhip.com/25maths?src=kahoot_cie0580_l1&asset=c1-04,l1-cie0580-c1-04
4,L1-CIE0580-C1-05,L1,cie0580,CIE 0580,Core,CIE 0580 C1-05 Ordering Worksheet + Kahoot Companion (Core),CIE 0580 C1-05 Ordering (Core),CIE 0580 C1-05 Ordering (Core),59,30,30,US$3,US$4,https://payhip.com/25maths?src=kahoot_cie0580_l1&asset=c1-05,l1-cie0580-c1-05
4,L1-CIE0580-C1-06,L1,cie0580,CIE 0580,Core,CIE 0580 C1-06 Four Operations Worksheet + Kahoot Companion (Core),CIE 0580 C1-06 Four Operations (Core),CIE 0580 C1-06 Four Operations (Core),66,37,37,US$3,US$4,https://payhip.com/25maths?src=kahoot_cie0580_l1&asset=c1-06,l1-cie0580-c1-06
4,L1-CIE0580-C1-07,L1,cie0580,CIE 0580,Core,CIE 0580 C1-07 Indices I Worksheet + Kahoot Companion (Core),CIE 0580 C1-07 Indices I (Core),CIE 0580 C1-07 Indices I (Core),60,31,31,US$3,US$4,https://payhip.com/25maths?src=kahoot_cie0580_l1&asset=c1-07,l1-cie0580-c1-07
4,L1-CIE0580-C1-08,L1,cie0580,CIE 0580,Core,CIE 0580 C1-08 Standard Form Worksheet + Kahoot Companion (Core),CIE 0580 C1-08 Standard Form (Core),CIE 0580 C1-08 Standard Form (Core),64,35,35,US$3,US$4,https://payhip.com/25maths?src=kahoot_cie0580_l1&asset=c1-08,l1-cie0580-c1-08
4,L1-CIE0580-C1-09,L1,cie0580,CIE 0580,Core,CIE 0580 C1-09 Estimation And Approximation Worksheet + Kahoot Companion (Core),CIE 0580 C1-09 Estimation & Approximation (Core),CIE 0580 C1-09 Estimation & Approximation (Core),79,48,48,US$3,US$4,https://payhip.com/25maths?src=kahoot_cie0580_l1&asset=c1-09,l1-cie0580-c1-09
4,L1-CIE0580-C1-10,L1,cie0580,CIE 0580,Core,CIE 0580 C1-10 Limits Of Accuracy Worksheet + Kahoot Companion (Core),CIE 0580 C1-10 Limits Of Accuracy (Core),CIE 0580 C1-10 Limits Of Accuracy (Core),69,40,40,US$3,US$4,https://payhip.com/25maths?src=kahoot_cie0580_l1&asset=c1-10,l1-cie0580-c1-10
4,L1-CIE0580-C1-11,L1,cie0580,CIE 0580,Core,CIE 0580 C1-11 Ratio And Proportion Worksheet + Kahoot Companion (Core),CIE 0580 C1-11 Ratio & Proportion (Core),CIE 0580 C1-11 Ratio & Proportion (Core),71,40,40,US$3,US$4,https://payhip.com/25maths?src=kahoot_cie0580_l1&asset=c1-11,l1-cie0580-c1-11
4,L1-CIE0580-C1-12,L1,cie0580,CIE 0580,Core,CIE 0580 C1-12 Rates Worksheet + Kahoot Companion (Core),CIE 0580 C1-12 Rates (Core),CIE 0580 C1-12 Rates (Core),56,27,27,US$3,US$4,https://payhip.com/25maths?src=kahoot_cie0580_l1&asset=c1-12,l1-cie0580-c1-12
4,L1-CIE0580-C1-13,L1,cie0580,CIE 0580,Core,CIE 0580 C1-13 Percentages Worksheet + Kahoot Companion (Core),CIE 0580 C1-13 Percentages (Core),CIE 0580 C1-13 Percentages (Core),62,33,33,US$3,US$4,https://payhip.com/25maths?src=kahoot_cie0580_l1&asset=c1-13,l1-cie0580-c1-13
4,L1-CIE0580-C1-14,L1,cie0580,CIE 0580,Core,CIE 0580 C1-14 Using A Calculator Worksheet + Kahoot Companion (Core),CIE 0580 C1-14 Calculator Use (Core),CIE 0580 C1-14 Calculator Use (Core),69,36,36,US$3,US$4,https://payhip.com/25maths?src=kahoot_cie0580_l1&asset=c1-14,l1-cie0580-c1-14
4,L1-CIE0580-C1-15,L1,cie0580,CIE 0580,Core,CIE 0580 C1-15 Time Worksheet + Kahoot Companion (Core),CIE 0580 C1-15 Time (Core),CIE 0580 C1-15 Time (Core),55,26,26,US$3,US$4,https://payhip.com/25maths?src=kahoot_cie0580_l1&asset=c1-15,l1-cie0580-c1-15
4,L1-CIE0580-C1-16,L1,cie0580,CIE 0580,Core,CIE 0580 C1-16 Money Worksheet + Kahoot Companion (Core),CIE 0580 C1-16 Money (Core),CIE 0580 C1-16 Money (Core),56,27,27,US$3,US$4,https://payhip.com/25maths?src=kahoot_cie0580_l1&asset=c1-16,l1-cie0580-c1-16
4,L1-CIE0580-C2-01,L1,cie0580,CIE 0580,Core,CIE 0580 C2-01 Introduction To Algebra Worksheet + Kahoot Companion (Core),CIE 0580 C2-01 Introduction To Algebra (Core),CIE 0580 C2-01 Introduction To Algebra (Core),74,45,45,US$3,US$4,https://payhip.com/25maths?src=kahoot_cie0580_l1&asset=c2-01,l1-cie0580-c2-01
4,L1-CIE0580-C2-02,L1,cie0580,CIE 0580,Core,CIE 0580 C2-02 Algebraic Manipulation Worksheet + Kahoot Companion (Core),CIE 0580 C2-02 Algebraic Manipulation (Core),CIE 0580 C2-02 Algebraic Manipulation (Core),73,44,44,US$3,US$4,https://payhip.com/25maths?src=kahoot_cie0580_l1&asset=c2-02,l1-cie0580-c2-02
4,L1-CIE0580-C2-04,L1,cie0580,CIE 0580,Core,CIE 0580 C2-04 Indices Ii Worksheet + Kahoot Companion (Core),CIE 0580 C2-04 Indices Ii (Core),CIE 0580 C2-04 Indices Ii (Core),61,32,32,US$3,US$4,https://payhip.com/25maths?src=kahoot_cie0580_l1&asset=c2-04,l1-cie0580-c2-04
4,L1-CIE0580-C2-05,L1,cie0580,CIE 0580,Core,CIE 0580 C2-05 Equations Worksheet + Kahoot Companion (Core),CIE 0580 C2-05 Equations (Core),CIE 0580 C2-05 Equations (Core),60,31,31,US$3,US$4,https://payhip.com/25maths?src=kahoot_cie0580_l1&asset=c2-05,l1-cie0580-c2-05
4,L1-CIE0580-C2-06,L1,cie0580,CIE 0580,Core,CIE 0580 C2-06 Inequalities Worksheet + Kahoot Companion (Core),CIE 0580 C2-06 Inequalities (Core),CIE 0580 C2-06 Inequalities (Core),63,34,34,US$3,US$4,https://payhip.com/25maths?src=kahoot_cie0580_l1&asset=c2-06,l1-cie0580-c2-06
4,L1-CIE0580-C2-07,L1,cie0580,CIE 0580,Core,CIE 0580 C2-07 Sequences Worksheet + Kahoot Companion (Core),CIE 0580 C2-07 Sequences (Core),CIE 0580 C2-07 Sequences (Core),60,31,31,US$3,US$4,https://payhip.com/25maths?src=kahoot_cie0580_l1&asset=c2-07,l1-cie0580-c2-07
4,L1-CIE0580-C2-09,L1,cie0580,CIE 0580,Core,CIE 0580 C2-09 Graphs In Practical Situations Worksheet + Kahoot Companion (Core),CIE 0580 C2-09 Graphs In Practical Situations (Core),CIE 0580 C2-09 Graphs In Practical Situations (Core),81,52,52,US$3,US$4,https://payhip.com/25maths?src=kahoot_cie0580_l1&asset=c2-09,l1-cie0580-c2-09
4,L1-CIE0580-C2-10,L1,cie0580,CIE 0580,Core,CIE 0580 C2-10 Graphs Of Functions Worksheet + Kahoot Companion (Core),CIE 0580 C2-10 Graphs Of Functions (Core),CIE 0580 C2-10 Graphs Of Functions (Core),70,41,41,US$3,US$4,https://payhip.com/25maths?src=kahoot_cie0580_l1&asset=c2-10,l1-cie0580-c2-10
4,L1-CIE0580-C2-11,L1,cie0580,CIE 0580,Core,CIE 0580 C2-11 Sketching Curves Worksheet + Kahoot Companion (Core),CIE 0580 C2-11 Sketching Curves (Core),CIE 0580 C2-11 Sketching Curves (Core),67,38,38,US$3,US$4,https://payhip.com/25maths?src=kahoot_cie0580_l1&asset=c2-11,l1-cie0580-c2-11
4,L1-CIE0580-C3-01,L1,cie0580,CIE 0580,Core,CIE 0580 C3-01 Coordinates Worksheet + Kahoot Companion (Core),CIE 0580 C3-01 Coordinates (Core),CIE 0580 C3-01 Coordinates (Core),62,33,33,US$3,US$4,https://payhip.com/25maths?src=kahoot_cie0580_l1&asset=c3-01,l1-cie0580-c3-01
4,L1-CIE0580-C3-02,L1,cie0580,CIE 0580,Core,CIE 0580 C3-02 Drawing Linear Graphs Worksheet + Kahoot Companion (Core),CIE 0580 C3-02 Drawing Linear Graphs (Core),CIE 0580 C3-02 Drawing Linear Graphs (Core),72,43,43,US$3,US$4,https://payhip.com/25maths?src=kahoot_cie0580_l1&asset=c3-02,l1-cie0580-c3-02
4,L1-CIE0580-C3-03,L1,cie0580,CIE 0580,Core,CIE 0580 C3-03 Gradient Of Linear Graphs Worksheet + Kahoot Companion (Core),CIE 0580 C3-03 Gradient Of Linear Graphs (Core),CIE 0580 C3-03 Gradient Of Linear Graphs (Core),76,47,47,US$3,US$4,https://payhip.com/25maths?src=kahoot_cie0580_l1&asset=c3-03,l1-cie0580-c3-03
4,L1-CIE0580-C3-05,L1,cie0580,CIE 0580,Core,CIE 0580 C3-05 Equations Of Linear Graphs Worksheet + Kahoot Companion (Core),CIE 0580 C3-05 Equations Of Linear Graphs (Core),CIE 0580 C3-05 Equations Of Linear Graphs (Core),77,48,48,US$3,US$4,https://payhip.com/25maths?src=kahoot_cie0580_l1&asset=c3-05,l1-cie0580-c3-05
4,L1-CIE0580-C3-06,L1,cie0580,CIE 0580,Core,CIE 0580 C3-06 Parallel Lines Worksheet + Kahoot Companion (Core),CIE 0580 C3-06 Parallel Lines (Core),CIE 0580 C3-06 Parallel Lines (Core),65,36,36,US$3,US$4,https://payhip.com/25maths?src=kahoot_cie0580_l1&asset=c3-06,l1-cie0580-c3-06
4,L1-CIE0580-C4-01,L1,cie0580,CIE 0580,Core,CIE 0580 C4-01 Geometrical Terms Worksheet + Kahoot Companion (Core),CIE 0580 C4-01 Geo Terms (Core),CIE 0580 C4-01 Geo Terms (Core),68,31,31,US$3,US$4,https://payhip.com/25maths?src=kahoot_cie0580_l1&asset=c4-01,l1-cie0580-c4-01
4,L1-CIE0580-C4-02,L1,cie0580,CIE 0580,Core,CIE 0580 C4-02 Geometrical Constructions Worksheet + Kahoot Companion (Core),CIE 0580 C4-02 Geo Constructions (Core),CIE 0580 C4-02 Geo Constructions (Core),76,39,39,US$3,US$4,https://payhip.com/25maths?src=kahoot_cie0580_l1&asset=c4-02,l1-cie0580-c4-02
4,L1-CIE0580-C4-03,L1,cie0580,CIE 0580,Core,CIE 0580 C4-03 Scale Drawings Worksheet + Kahoot Companion (Core),CIE 0580 C4-03 Scale Drawings (Core),CIE 0580 C4-03 Scale Drawings (Core),65,36,36,US$3,US$4,https://payhip.com/25maths?src=kahoot_cie0580_l1&asset=c4-03,l1-cie0580-c4-03
4,L1-CIE0580-C4-04,L1,cie0580,CIE 0580,Core,CIE 0580 C4-04 Similarity Worksheet + Kahoot Companion (Core),CIE 0580 C4-04 Similarity (Core),CIE 0580 C4-04 Similarity (Core),61,32,32,US$3,US$4,https://payhip.com/25maths?src=kahoot_cie0580_l1&asset=c4-04,l1-cie0580-c4-04
4,L1-CIE0580-C4-05,L1,cie0580,CIE 0580,Core,CIE 0580 C4-05 Symmetry Worksheet + Kahoot Companion (Core),CIE 0580 C4-05 Symmetry (Core),CIE 0580 C4-05 Symmetry (Core),59,30,30,US$3,US$4,https://payhip.com/25maths?src=kahoot_cie0580_l1&asset=c4-05,l1-cie0580-c4-05
4,L1-CIE0580-C4-06,L1,cie0580,CIE 0580,Core,CIE 0580 C4-06 Angles Worksheet + Kahoot Companion (Core),CIE 0580 C4-06 Angles (Core),CIE 0580 C4-06 Angles (Core),57,28,28,US$3,US$4,https://payhip.com/25maths?src=kahoot_cie0580_l1&asset=c4-06,l1-cie0580-c4-06
4,L1-CIE0580-C4-07,L1,cie0580,CIE 0580,Core,CIE 0580 C4-07 Circle Theorems Worksheet + Kahoot Companion (Core),CIE 0580 C4-07 Circle Theorems (Core),CIE 0580 C4-07 Circle Theorems (Core),66,37,37,US$3,US$4,https://payhip.com/25maths?src=kahoot_cie0580_l1&asset=c4-07,l1-cie0580-c4-07
4,L1-CIE0580-C5-01,L1,cie0580,CIE 0580,Core,CIE 0580 C5-01 Units Of Measure Worksheet + Kahoot Companion (Core),CIE 0580 C5-01 Units Of Measure (Core),CIE 0580 C5-01 Units Of Measure (Core),67,38,38,US$3,US$4,https://payhip.com/25maths?src=kahoot_cie0580_l1&asset=c5-01,l1-cie0580-c5-01
4,L1-CIE0580-C5-02,L1,cie0580,CIE 0580,Core,CIE 0580 C5-02 Area And Perimeter Worksheet + Kahoot Companion (Core),CIE 0580 C5-02 Area & Perimeter (Core),CIE 0580 C5-02 Area & Perimeter (Core),69,38,38,US$3,US$4,https://payhip.com/25maths?src=kahoot_cie0580_l1&asset=c5-02,l1-cie0580-c5-02
4,L1-CIE0580-C5-03,L1,cie0580,CIE 0580,Core,CIE 0580 C5-03 Circles Arcs And Sectors Worksheet + Kahoot Companion (Core),CIE 0580 C5-03 Circles Arcs & Sectors (Core),CIE 0580 C5-03 Circles Arcs & Sectors (Core),75,44,44,US$3,US$4,https://payhip.com/25maths?src=kahoot_cie0580_l1&asset=c5-03,l1-cie0580-c5-03
4,L1-CIE0580-C5-04,L1,cie0580,CIE 0580,Core,CIE 0580 C5-04 Surface Area And Volume Worksheet + Kahoot Companion (Core),CIE 0580 C5-04 Surface Area & Volume (Core),CIE 0580 C5-04 Surface Area & Volume (Core),74,43,43,US$3,US$4,https://payhip.com/25maths?src=kahoot_cie0580_l1&asset=c5-04,l1-cie0580-c5-04
4,L1-CIE0580-C5-05,L1,cie0580,CIE 0580,Core,CIE 0580 C5-05 Compound Shapes And Parts Of Shapes Worksheet + Kahoot Companion (Core),CIE 0580 C5-05 Compound Shapes (Core),CIE 0580 C5-05 Compound Shapes (Core),86,37,37,US$3,US$4,https://payhip.com/25maths?src=kahoot_cie0580_l1&asset=c5-05,l1-cie0580-c5-05
4,L1-CIE0580-C6-01,L1,cie0580,CIE 0580,Core,CIE 0580 C6-01 Pythagoras Theorem Worksheet + Kahoot Companion (Core),CIE 0580 C6-01 Pythagoras (Core),CIE 0580 C6-01 Pythagoras (Core),69,32,32,US$3,US$4,https://payhip.com/25maths?src=kahoot_cie0580_l1&asset=c6-01,l1-cie0580-c6-01
4,L1-CIE0580-C6-02,L1,cie0580,CIE 0580,Core,CIE 0580 C6-02 Right Angled Triangles Worksheet + Kahoot Companion (Core),CIE 0580 C6-02 Right Angled Triangles (Core),CIE 0580 C6-02 Right Angled Triangles (Core),73,44,44,US$3,US$4,https://payhip.com/25maths?src=kahoot_cie0580_l1&asset=c6-02,l1-cie0580-c6-02
4,L1-CIE0580-C7-01,L1,cie0580,CIE 0580,Core,CIE 0580 C7-01 Transformations Worksheet + Kahoot Companion (Core),CIE 0580 C7-01 Transformations (Core),CIE 0580 C7-01 Transformations (Core),66,37,37,US$3,US$4,https://payhip.com/25maths?src=kahoot_cie0580_l1&asset=c7-01,l1-cie0580-c7-01
4,L1-CIE0580-C8-01,L1,cie0580,CIE 0580,Core,CIE 0580 C8-01 Introduction To Probability Worksheet + Kahoot Companion (Core),CIE 0580 C8-01 Introduction To Probability (Core),CIE 0580 C8-01 Introduction To Probability (Core),78,49,49,US$3,US$4,https://payhip.com/25maths?src=kahoot_cie0580_l1&asset=c8-01,l1-cie0580-c8-01
4,L1-CIE0580-C8-02,L1,cie0580,CIE 0580,Core,CIE 0580 C8-02 Relative And Expected Frequencies Worksheet + Kahoot Companion (Core),CIE 0580 C8-02 Rel & Exp Freq (Core),CIE 0580 C8-02 Rel & Exp Freq (Core),84,36,36,US$3,US$4,https://payhip.com/25maths?src=kahoot_cie0580_l1&asset=c8-02,l1-cie0580-c8-02
4,L1-CIE0580-C8-03,L1,cie0580,CIE 0580,Core,CIE 0580 C8-03 Probability Of Combined Events Worksheet + Kahoot Companion (Core),CIE 0580 C8-03 Probability Of Combined Events (Core),CIE 0580 C8-03 Probability Of Combined Events (Core),81,52,52,US$3,US$4,https://payhip.com/25maths?src=kahoot_cie0580_l1&asset=c8-03,l1-cie0580-c8-03
4,L1-CIE0580-C9-01,L1,cie0580,CIE 0580,Core,CIE 0580 C9-01 Classifying Statistical Data Worksheet + Kahoot Companion (Core),CIE 0580 C9-01 Classifying Statistical Data (Core),CIE 0580 C9-01 Classifying Statistical Data (Core),79,50,50,US$3,US$4,https://payhip.com/25maths?src=kahoot_cie0580_l1&asset=c9-01,l1-cie0580-c9-01
4,L1-CIE0580-C9-02,L1,cie0580,CIE 0580,Core,CIE 0580 C9-02 Interpreting Statistical Data Worksheet + Kahoot Companion (Core),CIE 0580 C9-02 Interpreting Statistical Data (Core),CIE 0580 C9-02 Interpreting Statistical Data (Core),80,51,51,US$3,US$4,https://payhip.com/25maths?src=kahoot_cie0580_l1&asset=c9-02,l1-cie0580-c9-02
4,L1-CIE0580-C9-03,L1,cie0580,CIE 0580,Core,CIE 0580 C9-03 Averages And Range Worksheet + Kahoot Companion (Core),CIE 0580 C9-03 Averages & Range (Core),CIE 0580 C9-03 Averages & Range (Core),69,38,38,US$3,US$4,https://payhip.com/25maths?src=kahoot_cie0580_l1&asset=c9-03,l1-cie0580-c9-03
4,L1-CIE0580-C9-04,L1,cie0580,CIE 0580,Core,CIE 0580 C9-04 Statistical Charts And Diagrams Worksheet + Kahoot Companion (Core),CIE 0580 C9-04 Statistical Charts & Diagrams (Core),CIE 0580 C9-04 Statistical Charts & Diagrams (Core),82,51,51,US$3,US$4,https://payhip.com/25maths?src=kahoot_cie0580_l1&asset=c9-04,l1-cie0580-c9-04
4,L1-CIE0580-E1-01,L1,cie0580,CIE 0580,Extended,CIE 0580 E1-01 Types Of Number Worksheet + Kahoot Companion (Extended),CIE 0580 E1-01 Types Of Number (Extended),CIE 0580 E1-01 Types Of Number (Extended),70,41,41,US$3,US$4,https://payhip.com/25maths?src=kahoot_cie0580_l1&asset=e1-01,l1-cie0580-e1-01
4,L1-CIE0580-E1-02,L1,cie0580,CIE 0580,Extended,CIE 0580 E1-02 Sets Worksheet + Kahoot Companion (Extended),CIE 0580 E1-02 Sets (Extended),CIE 0580 E1-02 Sets (Extended),59,30,30,US$3,US$4,https://payhip.com/25maths?src=kahoot_cie0580_l1&asset=e1-02,l1-cie0580-e1-02
4,L1-CIE0580-E1-03,L1,cie0580,CIE 0580,Extended,CIE 0580 E1-03 Powers And Roots Worksheet + Kahoot Companion (Extended),CIE 0580 E1-03 Powers & Roots (Extended),CIE 0580 E1-03 Powers & Roots (Extended),71,40,40,US$3,US$4,https://payhip.com/25maths?src=kahoot_cie0580_l1&asset=e1-03,l1-cie0580-e1-03
4,L1-CIE0580-E1-04,L1,cie0580,CIE 0580,Extended,CIE 0580 E1-04 Fractions Decimals Percentages Worksheet + Kahoot Companion (Extended),CIE 0580 E1-04 FDP (Extended),CIE 0580 E1-04 FDP (Extended),85,29,29,US$3,US$4,https://payhip.com/25maths?src=kahoot_cie0580_l1&asset=e1-04,l1-cie0580-e1-04
4,L1-CIE0580-E1-05,L1,cie0580,CIE 0580,Extended,CIE 0580 E1-05 Ordering Worksheet + Kahoot Companion (Extended),CIE 0580 E1-05 Ordering (Extended),CIE 0580 E1-05 Ordering (Extended),63,34,34,US$3,US$4,https://payhip.com/25maths?src=kahoot_cie0580_l1&asset=e1-05,l1-cie0580-e1-05
4,L1-CIE0580-E1-06,L1,cie0580,CIE 0580,Extended,CIE 0580 E1-06 Four Operations Worksheet + Kahoot Companion (Extended),CIE 0580 E1-06 Four Operations (Extended),CIE 0580 E1-06 Four Operations (Extended),70,41,41,US$3,US$4,https://payhip.com/25maths?src=kahoot_cie0580_l1&asset=e1-06,l1-cie0580-e1-06
4,L1-CIE0580-E1-07,L1,cie0580,CIE 0580,Extended,CIE 0580 E1-07 Indices I Worksheet + Kahoot Companion (Extended),CIE 0580 E1-07 Indices I (Extended),CIE 0580 E1-07 Indices I (Extended),64,35,35,US$3,US$4,https://payhip.com/25maths?src=kahoot_cie0580_l1&asset=e1-07,l1-cie0580-e1-07
4,L1-CIE0580-E1-08,L1,cie0580,CIE 0580,Extended,CIE 0580 E1-08 Standard Form Worksheet + Kahoot Companion (Extended),CIE 0580 E1-08 Standard Form (Extended),CIE 0580 E1-08 Standard Form (Extended),68,39,39,US$3,US$4,https://payhip.com/25maths?src=kahoot_cie0580_l1&asset=e1-08,l1-cie0580-e1-08
4,L1-CIE0580-E1-09,L1,cie0580,CIE 0580,Extended,CIE 0580 E1-09 Estimation And Approximation Worksheet + Kahoot Companion (Extended),CIE 0580 E1-09 Estimation & Approximation (Extended),CIE 0580 E1-09 Estimation & Approximation (Extended),83,52,52,US$3,US$4,https://payhip.com/25maths?src=kahoot_cie0580_l1&asset=e1-09,l1-cie0580-e1-09
4,L1-CIE0580-E1-10,L1,cie0580,CIE 0580,Extended,CIE 0580 E1-10 Limits Of Accuracy Worksheet + Kahoot Companion (Extended),CIE 0580 E1-10 Limits Of Accuracy (Extended),CIE 0580 E1-10 Limits Of Accuracy (Extended),73,44,44,US$3,US$4,https://payhip.com/25maths?src=kahoot_cie0580_l1&asset=e1-10,l1-cie0580-e1-10
4,L1-CIE0580-E1-11,L1,cie0580,CIE 0580,Extended,CIE 0580 E1-11 Ratio And Proportion Worksheet + Kahoot Companion (Extended),CIE 0580 E1-11 Ratio & Proportion (Extended),CIE 0580 E1-11 Ratio & Proportion (Extended),75,44,44,US$3,US$4,https://payhip.com/25maths?src=kahoot_cie0580_l1&asset=e1-11,l1-cie0580-e1-11
4,L1-CIE0580-E1-12,L1,cie0580,CIE 0580,Extended,CIE 0580 E1-12 Rates Worksheet + Kahoot Companion (Extended),CIE 0580 E1-12 Rates (Extended),CIE 0580 E1-12 Rates (Extended),60,31,31,US$3,US$4,https://payhip.com/25maths?src=kahoot_cie0580_l1&asset=e1-12,l1-cie0580-e1-12
4,L1-CIE0580-E1-13,L1,cie0580,CIE 0580,Extended,CIE 0580 E1-13 Percentages Worksheet + Kahoot Companion (Extended),CIE 0580 E1-13 Percentages (Extended),CIE 0580 E1-13 Percentages (Extended),66,37,37,US$3,US$4,https://payhip.com/25maths?src=kahoot_cie0580_l1&asset=e1-13,l1-cie0580-e1-13
4,L1-CIE0580-E1-14,L1,cie0580,CIE 0580,Extended,CIE 0580 E1-14 Using A Calculator Worksheet + Kahoot Companion (Extended),CIE 0580 E1-14 Calculator Use (Extended),CIE 0580 E1-14 Calculator Use (Extended),73,40,40,US$3,US$4,https://payhip.com/25maths?src=kahoot_cie0580_l1&asset=e1-14,l1-cie0580-e1-14
4,L1-CIE0580-E1-15,L1,cie0580,CIE 0580,Extended,CIE 0580 E1-15 Time Worksheet + Kahoot Companion (Extended),CIE 0580 E1-15 Time (Extended),CIE 0580 E1-15 Time (Extended),59,30,30,US$3,US$4,https://payhip.com/25maths?src=kahoot_cie0580_l1&asset=e1-15,l1-cie0580-e1-15
4,L1-CIE0580-E1-16,L1,cie0580,CIE 0580,Extended,CIE 0580 E1-16 Money Worksheet + Kahoot Companion (Extended),CIE 0580 E1-16 Money (Extended),CIE 0580 E1-16 Money (Extended),60,31,31,US$3,US$4,https://payhip.com/25maths?src=kahoot_cie0580_l1&asset=e1-16,l1-cie0580-e1-16
4,L1-CIE0580-E1-17,L1,cie0580,CIE 0580,Extended,CIE 0580 E1-17 Exponential Growth Decay Worksheet + Kahoot Companion (Extended),CIE 0580 E1-17 Exp Growth/Decay (Extended),CIE 0580 E1-17 Exp Growth/Decay (Extended),79,42,42,US$3,US$4,https://payhip.com/25maths?src=kahoot_cie0580_l1&asset=e1-17,l1-cie0580-e1-17
4,L1-CIE0580-E1-18,L1,cie0580,CIE 0580,Extended,CIE 0580 E1-18 Surds Worksheet + Kahoot Companion (Extended),CIE 0580 E1-18 Surds (Extended),CIE 0580 E1-18 Surds (Extended),60,31,31,US$3,US$4,https://payhip.com/25maths?src=kahoot_cie0580_l1&asset=e1-18,l1-cie0580-e1-18
4,L1-CIE0580-E2-01,L1,cie0580,CIE 0580,Extended,CIE 0580 E2-01 Introduction To Algebra Worksheet + Kahoot Companion (Extended),CIE 0580 E2-01 Introduction To Algebra (Extended),CIE 0580 E2-01 Introduction To Algebra (Extended),78,49,49,US$3,US$4,https://payhip.com/25maths?src=kahoot_cie0580_l1&asset=e2-01,l1-cie0580-e2-01
4,L1-CIE0580-E2-02,L1,cie0580,CIE 0580,Extended,CIE 0580 E2-02 Algebraic Manipulation Worksheet + Kahoot Companion (Extended),CIE 0580 E2-02 Algebraic Manipulation (Extended),CIE 0580 E2-02 Algebraic Manipulation (Extended),77,48,48,US$3,US$4,https://payhip.com/25maths?src=kahoot_cie0580_l1&asset=e2-02,l1-cie0580-e2-02
4,L1-CIE0580-E2-03,L1,cie0580,CIE 0580,Extended,CIE 0580 E2-03 Algebraic Fractions Worksheet + Kahoot Companion (Extended),CIE 0580 E2-03 Algebraic Fractions (Extended),CIE 0580 E2-03 Algebraic Fractions (Extended),74,45,45,US$3,US$4,https://payhip.com/25maths?src=kahoot_cie0580_l1&asset=e2-03,l1-cie0580-e2-03
4,L1-CIE0580-E2-04,L1,cie0580,CIE 0580,Extended,CIE 0580 E2-04 Indices Ii Worksheet + Kahoot Companion (Extended),CIE 0580 E2-04 Indices Ii (Extended),CIE 0580 E2-04 Indices Ii (Extended),65,36,36,US$3,US$4,https://payhip.com/25maths?src=kahoot_cie0580_l1&asset=e2-04,l1-cie0580-e2-04
4,L1-CIE0580-E2-05,L1,cie0580,CIE 0580,Extended,CIE 0580 E2-05 Equations Worksheet + Kahoot Companion (Extended),CIE 0580 E2-05 Equations (Extended),CIE 0580 E2-05 Equations (Extended),64,35,35,US$3,US$4,https://payhip.com/25maths?src=kahoot_cie0580_l1&asset=e2-05,l1-cie0580-e2-05
4,L1-CIE0580-E2-06,L1,cie0580,CIE 0580,Extended,CIE 0580 E2-06 Inequalities Worksheet + Kahoot Companion (Extended),CIE 0580 E2-06 Inequalities (Extended),CIE 0580 E2-06 Inequalities (Extended),67,38,38,US$3,US$4,https://payhip.com/25maths?src=kahoot_cie0580_l1&asset=e2-06,l1-cie0580-e2-06
4,L1-CIE0580-E2-07,L1,cie0580,CIE 0580,Extended,CIE 0580 E2-07 Sequences Worksheet + Kahoot Companion (Extended),CIE 0580 E2-07 Sequences (Extended),CIE 0580 E2-07 Sequences (Extended),64,35,35,US$3,US$4,https://payhip.com/25maths?src=kahoot_cie0580_l1&asset=e2-07,l1-cie0580-e2-07
4,L1-CIE0580-E2-08,L1,cie0580,CIE 0580,Extended,CIE 0580 E2-08 Proportion Worksheet + Kahoot Companion (Extended),CIE 0580 E2-08 Proportion (Extended),CIE 0580 E2-08 Proportion (Extended),65,36,36,US$3,US$4,https://payhip.com/25maths?src=kahoot_cie0580_l1&asset=e2-08,l1-cie0580-e2-08
4,L1-CIE0580-E2-09,L1,cie0580,CIE 0580,Extended,CIE 0580 E2-09 Graphs In Practical Situations Worksheet + Kahoot Companion (Extended),CIE 0580 E2-09 Graphs In Practical Situations (Extended),CIE0580 E2-09 Graphs In Practical Situations (Ext),85,56,50,US$3,US$4,https://payhip.com/25maths?src=kahoot_cie0580_l1&asset=e2-09,l1-cie0580-e2-09
4,L1-CIE0580-E2-10,L1,cie0580,CIE 0580,Extended,CIE 0580 E2-10 Graphs Of Functions Worksheet + Kahoot Companion (Extended),CIE 0580 E2-10 Graphs Of Functions (Extended),CIE 0580 E2-10 Graphs Of Functions (Extended),74,45,45,US$3,US$4,https://payhip.com/25maths?src=kahoot_cie0580_l1&asset=e2-10,l1-cie0580-e2-10
4,L1-CIE0580-E2-11,L1,cie0580,CIE 0580,Extended,CIE 0580 E2-11 Sketching Curves Worksheet + Kahoot Companion (Extended),CIE 0580 E2-11 Sketching Curves (Extended),CIE 0580 E2-11 Sketching Curves (Extended),71,42,42,US$3,US$4,https://payhip.com/25maths?src=kahoot_cie0580_l1&asset=e2-11,l1-cie0580-e2-11
4,L1-CIE0580-E2-12,L1,cie0580,CIE 0580,Extended,CIE 0580 E2-12 Differentiation Worksheet + Kahoot Companion (Extended),CIE 0580 E2-12 Differentiation (Extended),CIE 0580 E2-12 Differentiation (Extended),70,41,41,US$3,US$4,https://payhip.com/25maths?src=kahoot_cie0580_l1&asset=e2-12,l1-cie0580-e2-12
4,L1-CIE0580-E2-13,L1,cie0580,CIE 0580,Extended,CIE 0580 E2-13 Functions Worksheet + Kahoot Companion (Extended),CIE 0580 E2-13 Functions (Extended),CIE 0580 E2-13 Functions (Extended),64,35,35,US$3,US$4,https://payhip.com/25maths?src=kahoot_cie0580_l1&asset=e2-13,l1-cie0580-e2-13
4,L1-CIE0580-E3-01,L1,cie0580,CIE 0580,Extended,CIE 0580 E3-01 Coordinates Worksheet + Kahoot Companion (Extended),CIE 0580 E3-01 Coordinates (Extended),CIE 0580 E3-01 Coordinates (Extended),66,37,37,US$3,US$4,https://payhip.com/25maths?src=kahoot_cie0580_l1&asset=e3-01,l1-cie0580-e3-01
4,L1-CIE0580-E3-02,L1,cie0580,CIE 0580,Extended,CIE 0580 E3-02 Drawing Linear Graphs Worksheet + Kahoot Companion (Extended),CIE 0580 E3-02 Drawing Linear Graphs (Extended),CIE 0580 E3-02 Drawing Linear Graphs (Extended),76,47,47,US$3,US$4,https://payhip.com/25maths?src=kahoot_cie0580_l1&asset=e3-02,l1-cie0580-e3-02
4,L1-CIE0580-E3-03,L1,cie0580,CIE 0580,Extended,CIE 0580 E3-03 Gradient Of Linear Graphs Worksheet + Kahoot Companion (Extended),CIE 0580 E3-03 Gradient Of Linear Graphs (Extended),CIE 0580 E3-03 Gradient Of Linear Graphs (Extended),80,51,51,US$3,US$4,https://payhip.com/25maths?src=kahoot_cie0580_l1&asset=e3-03,l1-cie0580-e3-03
4,L1-CIE0580-E3-04,L1,cie0580,CIE 0580,Extended,CIE 0580 E3-04 Length And Midpoint Worksheet + Kahoot Companion (Extended),CIE 0580 E3-04 Length & Midpoint (Extended),CIE 0580 E3-04 Length & Midpoint (Extended),74,43,43,US$3,US$4,https://payhip.com/25maths?src=kahoot_cie0580_l1&asset=e3-04,l1-cie0580-e3-04
4,L1-CIE0580-E3-05,L1,cie0580,CIE 0580,Extended,CIE 0580 E3-05 Equations Of Linear Graphs Worksheet + Kahoot Companion (Extended),CIE 0580 E3-05 Equations Of Linear Graphs (Extended),CIE 0580 E3-05 Equations Of Linear Graphs (Extended),81,52,52,US$3,US$4,https://payhip.com/25maths?src=kahoot_cie0580_l1&asset=e3-05,l1-cie0580-e3-05
4,L1-CIE0580-E3-06,L1,cie0580,CIE 0580,Extended,CIE 0580 E3-06 Parallel Lines Worksheet + Kahoot Companion (Extended),CIE 0580 E3-06 Parallel Lines (Extended),CIE 0580 E3-06 Parallel Lines (Extended),69,40,40,US$3,US$4,https://payhip.com/25maths?src=kahoot_cie0580_l1&asset=e3-06,l1-cie0580-e3-06
4,L1-CIE0580-E3-07,L1,cie0580,CIE 0580,Extended,CIE 0580 E3-07 Perpendicular Lines Worksheet + Kahoot Companion (Extended),CIE 0580 E3-07 Perpendicular Lines (Extended),CIE 0580 E3-07 Perpendicular Lines (Extended),74,45,45,US$3,US$4,https://payhip.com/25maths?src=kahoot_cie0580_l1&asset=e3-07,l1-cie0580-e3-07
4,L1-CIE0580-E4-01,L1,cie0580,CIE 0580,Extended,CIE 0580 E4-01 Geometrical Terms Worksheet + Kahoot Companion (Extended),CIE 0580 E4-01 Geo Terms (Extended),CIE 0580 E4-01 Geo Terms (Extended),72,35,35,US$3,US$4,https://payhip.com/25maths?src=kahoot_cie0580_l1&asset=e4-01,l1-cie0580-e4-01
4,L1-CIE0580-E4-02,L1,cie0580,CIE 0580,Extended,CIE 0580 E4-02 Geometrical Constructions Worksheet + Kahoot Companion (Extended),CIE 0580 E4-02 Geo Constructions (Extended),CIE 0580 E4-02 Geo Constructions (Extended),80,43,43,US$3,US$4,https://payhip.com/25maths?src=kahoot_cie0580_l1&asset=e4-02,l1-cie0580-e4-02
4,L1-CIE0580-E4-03,L1,cie0580,CIE 0580,Extended,CIE 0580 E4-03 Scale Drawings Worksheet + Kahoot Companion (Extended),CIE 0580 E4-03 Scale Drawings (Extended),CIE 0580 E4-03 Scale Drawings (Extended),69,40,40,US$3,US$4,https://payhip.com/25maths?src=kahoot_cie0580_l1&asset=e4-03,l1-cie0580-e4-03
4,L1-CIE0580-E4-04,L1,cie0580,CIE 0580,Extended,CIE 0580 E4-04 Similarity Worksheet + Kahoot Companion (Extended),CIE 0580 E4-04 Similarity (Extended),CIE 0580 E4-04 Similarity (Extended),65,36,36,US$3,US$4,https://payhip.com/25maths?src=kahoot_cie0580_l1&asset=e4-04,l1-cie0580-e4-04
4,L1-CIE0580-E4-05,L1,cie0580,CIE 0580,Extended,CIE 0580 E4-05 Symmetry Worksheet + Kahoot Companion (Extended),CIE 0580 E4-05 Symmetry (Extended),CIE 0580 E4-05 Symmetry (Extended),63,34,34,US$3,US$4,https://payhip.com/25maths?src=kahoot_cie0580_l1&asset=e4-05,l1-cie0580-e4-05
4,L1-CIE0580-E4-06,L1,cie0580,CIE 0580,Extended,CIE 0580 E4-06 Angles Worksheet + Kahoot Companion (Extended),CIE 0580 E4-06 Angles (Extended),CIE 0580 E4-06 Angles (Extended),61,32,32,US$3,US$4,https://payhip.com/25maths?src=kahoot_cie0580_l1&asset=e4-06,l1-cie0580-e4-06
4,L1-CIE0580-E4-07,L1,cie0580,CIE 0580,Extended,CIE 0580 E4-07 Circle Theorems I Worksheet + Kahoot Companion (Extended),CIE 0580 E4-07 Circle Theorems I (Extended),CIE 0580 E4-07 Circle Theorems I (Extended),72,43,43,US$3,US$4,https://payhip.com/25maths?src=kahoot_cie0580_l1&asset=e4-07,l1-cie0580-e4-07
4,L1-CIE0580-E4-08,L1,cie0580,CIE 0580,Extended,CIE 0580 E4-08 Circle Theorems Ii Worksheet + Kahoot Companion (Extended),CIE 0580 E4-08 Circle Theorems Ii (Extended),CIE 0580 E4-08 Circle Theorems Ii (Extended),73,44,44,US$3,US$4,https://payhip.com/25maths?src=kahoot_cie0580_l1&asset=e4-08,l1-cie0580-e4-08
4,L1-CIE0580-E5-01,L1,cie0580,CIE 0580,Extended,CIE 0580 E5-01 Units Of Measure Worksheet + Kahoot Companion (Extended),CIE 0580 E5-01 Units Of Measure (Extended),CIE 0580 E5-01 Units Of Measure (Extended),71,42,42,US$3,US$4,https://payhip.com/25maths?src=kahoot_cie0580_l1&asset=e5-01,l1-cie0580-e5-01
4,L1-CIE0580-E5-02,L1,cie0580,CIE 0580,Extended,CIE 0580 E5-02 Area And Perimeter Worksheet + Kahoot Companion (Extended),CIE 0580 E5-02 Area & Perimeter (Extended),CIE 0580 E5-02 Area & Perimeter (Extended),73,42,42,US$3,US$4,https://payhip.com/25maths?src=kahoot_cie0580_l1&asset=e5-02,l1-cie0580-e5-02
4,L1-CIE0580-E5-03,L1,cie0580,CIE 0580,Extended,CIE 0580 E5-03 Circles Arcs And Sectors Worksheet + Kahoot Companion (Extended),CIE 0580 E5-03 Circles Arcs & Sectors (Extended),CIE 0580 E5-03 Circles Arcs & Sectors (Extended),79,48,48,US$3,US$4,https://payhip.com/25maths?src=kahoot_cie0580_l1&asset=e5-03,l1-cie0580-e5-03
4,L1-CIE0580-E5-04,L1,cie0580,CIE 0580,Extended,CIE 0580 E5-04 Surface Area And Volume Worksheet + Kahoot Companion (Extended),CIE 0580 E5-04 Surface Area & Volume (Extended),CIE 0580 E5-04 Surface Area & Volume (Extended),78,47,47,US$3,US$4,https://payhip.com/25maths?src=kahoot_cie0580_l1&asset=e5-04,l1-cie0580-e5-04
4,L1-CIE0580-E5-05,L1,cie0580,CIE 0580,Extended,CIE 0580 E5-05 Compound Shapes And Parts Of Shapes Worksheet + Kahoot Companion (Extended),CIE 0580 E5-05 Compound Shapes (Extended),CIE 0580 E5-05 Compound Shapes (Extended),90,41,41,US$3,US$4,https://payhip.com/25maths?src=kahoot_cie0580_l1&asset=e5-05,l1-cie0580-e5-05
4,L1-CIE0580-E6-01,L1,cie0580,CIE 0580,Extended,CIE 0580 E6-01 Pythagoras Theorem Worksheet + Kahoot Companion (Extended),CIE 0580 E6-01 Pythagoras (Extended),CIE 0580 E6-01 Pythagoras (Extended),73,36,36,US$3,US$4,https://payhip.com/25maths?src=kahoot_cie0580_l1&asset=e6-01,l1-cie0580-e6-01
4,L1-CIE0580-E6-02,L1,cie0580,CIE 0580,Extended,CIE 0580 E6-02 Right Angled Triangles Worksheet + Kahoot Companion (Extended),CIE 0580 E6-02 Right Angled Triangles (Extended),CIE 0580 E6-02 Right Angled Triangles (Extended),77,48,48,US$3,US$4,https://payhip.com/25maths?src=kahoot_cie0580_l1&asset=e6-02,l1-cie0580-e6-02
4,L1-CIE0580-E6-03,L1,cie0580,CIE 0580,Extended,CIE 0580 E6-03 Exact Trigonometric Values Worksheet + Kahoot Companion (Extended),CIE 0580 E6-03 Exact Trigonometric Values (Extended),CIE 0580 E6-03 Exact Trigonometric Values (Extended),81,52,52,US$3,US$4,https://payhip.com/25maths?src=kahoot_cie0580_l1&asset=e6-03,l1-cie0580-e6-03
4,L1-CIE0580-E6-04,L1,cie0580,CIE 0580,Extended,CIE 0580 E6-04 Trigonometric Functions Worksheet + Kahoot Companion (Extended),CIE 0580 E6-04 Trigonometric Functions (Extended),CIE 0580 E6-04 Trigonometric Functions (Extended),78,49,49,US$3,US$4,https://payhip.com/25maths?src=kahoot_cie0580_l1&asset=e6-04,l1-cie0580-e6-04
4,L1-CIE0580-E6-05,L1,cie0580,CIE 0580,Extended,CIE 0580 E6-05 Non Right Angled Triangles Worksheet + Kahoot Companion (Extended),CIE 0580 E6-05 Non Right Angled Triangles (Extended),CIE 0580 E6-05 Non Right Angled Triangles (Extended),81,52,52,US$3,US$4,https://payhip.com/25maths?src=kahoot_cie0580_l1&asset=e6-05,l1-cie0580-e6-05
4,L1-CIE0580-E6-06,L1,cie0580,CIE 0580,Extended,CIE 0580 E6-06 Pythagoras And Trigonometry In 3D Worksheet + Kahoot Companion (Extended),CIE 0580 E6-06 Pythagoras & Trigonometry In 3D (Extended),CIE0580 E6-06 Pythagoras & Trigonometry In 3D (Ext),88,57,51,US$3,US$4,https://payhip.com/25maths?src=kahoot_cie0580_l1&asset=e6-06,l1-cie0580-e6-06
4,L1-CIE0580-E7-01,L1,cie0580,CIE 0580,Extended,CIE 0580 E7-01 Transformations Worksheet + Kahoot Companion (Extended),CIE 0580 E7-01 Transformations (Extended),CIE 0580 E7-01 Transformations (Extended),70,41,41,US$3,US$4,https://payhip.com/25maths?src=kahoot_cie0580_l1&asset=e7-01,l1-cie0580-e7-01
4,L1-CIE0580-E7-02,L1,cie0580,CIE 0580,Extended,CIE 0580 E7-02 Vectors In Two Dimensions Worksheet + Kahoot Companion (Extended),CIE 0580 E7-02 Vectors In Two Dimensions (Extended),CIE 0580 E7-02 Vectors In Two Dimensions (Extended),80,51,51,US$3,US$4,https://payhip.com/25maths?src=kahoot_cie0580_l1&asset=e7-02,l1-cie0580-e7-02
4,L1-CIE0580-E7-03,L1,cie0580,CIE 0580,Extended,CIE 0580 E7-03 Magnitude Of A Vector Worksheet + Kahoot Companion (Extended),CIE 0580 E7-03 Magnitude Of A Vector (Extended),CIE 0580 E7-03 Magnitude Of A Vector (Extended),76,47,47,US$3,US$4,https://payhip.com/25maths?src=kahoot_cie0580_l1&asset=e7-03,l1-cie0580-e7-03
4,L1-CIE0580-E7-04,L1,cie0580,CIE 0580,Extended,CIE 0580 E7-04 Vector Geometry Worksheet + Kahoot Companion (Extended),CIE 0580 E7-04 Vector Geometry (Extended),CIE 0580 E7-04 Vector Geometry (Extended),70,41,41,US$3,US$4,https://payhip.com/25maths?src=kahoot_cie0580_l1&asset=e7-04,l1-cie0580-e7-04
4,L1-CIE0580-E8-01,L1,cie0580,CIE 0580,Extended,CIE 0580 E8-01 Introduction To Probability Worksheet + Kahoot Companion (Extended),CIE 0580 E8-01 Introduction To Probability (Extended),CIE0580 E8-01 Introduction To Probability (Extended),82,53,52,US$3,US$4,https://payhip.com/25maths?src=kahoot_cie0580_l1&asset=e8-01,l1-cie0580-e8-01
4,L1-CIE0580-E8-02,L1,cie0580,CIE 0580,Extended,CIE 0580 E8-02 Relative And Expected Frequencies Worksheet + Kahoot Companion (Extended),CIE 0580 E8-02 Rel & Exp Freq (Extended),CIE 0580 E8-02 Rel & Exp Freq (Extended),88,40,40,US$3,US$4,https://payhip.com/25maths?src=kahoot_cie0580_l1&asset=e8-02,l1-cie0580-e8-02
4,L1-CIE0580-E8-03,L1,cie0580,CIE 0580,Extended,CIE 0580 E8-03 Probability Of Combined Events Worksheet + Kahoot Companion (Extended),CIE 0580 E8-03 Probability Of Combined Events (Extended),CIE0580 E8-03 Probability Of Combined Events (Ext),85,56,50,US$3,US$4,https://payhip.com/25maths?src=kahoot_cie0580_l1&asset=e8-03,l1-cie0580-e8-03
4,L1-CIE0580-E8-04,L1,cie0580,CIE 0580,Extended,CIE 0580 E8-04 Conditional Probability Worksheet + Kahoot Companion (Extended),CIE 0580 E8-04 Conditional Probability (Extended),CIE 0580 E8-04 Conditional Probability (Extended),78,49,49,US$3,US$4,https://payhip.com/25maths?src=kahoot_cie0580_l1&asset=e8-04,l1-cie0580-e8-04
4,L1-CIE0580-E9-01,L1,cie0580,CIE 0580,Extended,CIE 0580 E9-01 Classifying Statistical Data Worksheet + Kahoot Companion (Extended),CIE 0580 E9-01 Classifying Statistical Data (Extended),CIE0580 E9-01 Classifying Statistical Data (Ext),83,54,48,US$3,US$4,https://payhip.com/25maths?src=kahoot_cie0580_l1&asset=e9-01,l1-cie0580-e9-01
4,L1-CIE0580-E9-02,L1,cie0580,CIE 0580,Extended,CIE 0580 E9-02 Interpreting Statistical Data Worksheet + Kahoot Companion (Extended),CIE 0580 E9-02 Interpreting Statistical Data (Extended),CIE0580 E9-02 Interpreting Statistical Data (Ext),84,55,49,US$3,US$4,https://payhip.com/25maths?src=kahoot_cie0580_l1&asset=e9-02,l1-cie0580-e9-02
4,L1-CIE0580-E9-03,L1,cie0580,CIE 0580,Extended,CIE 0580 E9-03 Averages And Range Worksheet + Kahoot Companion (Extended),CIE 0580 E9-03 Averages & Range (Extended),CIE 0580 E9-03 Averages & Range (Extended),73,42,42,US$3,US$4,https://payhip.com/25maths?src=kahoot_cie0580_l1&asset=e9-03,l1-cie0580-e9-03
4,L1-CIE0580-E9-04,L1,cie0580,CIE 0580,Extended,CIE 0580 E9-04 Statistical Charts And Diagrams Worksheet + Kahoot Companion (Extended),CIE 0580 E9-04 Statistical Charts & Diagrams (Extended),CIE0580 E9-04 Statistical Charts & Diagrams (Ext),86,55,49,US$3,US$4,https://payhip.com/25maths?src=kahoot_cie0580_l1&asset=e9-04,l1-cie0580-e9-04
4,L1-CIE0580-E9-05,L1,cie0580,CIE 0580,Extended,CIE 0580 E9-05 Scatter Diagrams Worksheet + Kahoot Companion (Extended),CIE 0580 E9-05 Scatter Diagrams (Extended),CIE 0580 E9-05 Scatter Diagrams (Extended),71,42,42,US$3,US$4,https://payhip.com/25maths?src=kahoot_cie0580_l1&asset=e9-05,l1-cie0580-e9-05
4,L1-CIE0580-E9-06,L1,cie0580,CIE 0580,Extended,CIE 0580 E9-06 Cumulative Frequency Diagrams Worksheet + Kahoot Companion (Extended),CIE 0580 E9-06 Cumulative Frequency Diagrams (Extended),CIE0580 E9-06 Cumulative Frequency Diagrams (Ext),84,55,49,US$3,US$4,https://payhip.com/25maths?src=kahoot_cie0580_l1&asset=e9-06,l1-cie0580-e9-06
4,L1-CIE0580-E9-07,L1,cie0580,CIE 0580,Extended,CIE 0580 E9-07 Histograms Worksheet + Kahoot Companion (Extended),CIE 0580 E9-07 Histograms (Extended),CIE 0580 E9-07 Histograms (Extended),65,36,36,US$3,US$4,https://payhip.com/25maths?src=kahoot_cie0580_l1&asset=e9-07,l1-cie0580-e9-07
4,L1-EDX4MA1-F1-01,L1,edexcel-4ma1,Edexcel 4MA1,Foundation,Edexcel 4MA1 F1-01 Integers Worksheet + Kahoot Companion (Foundation),Edexcel 4MA1 F1-01 Integers (Foundation),Edexcel 4MA1 F1-01 Integers (Foundation),69,40,40,US$3,US$4,https://payhip.com/25maths?src=kahoot_edexcel_l1&asset=f1-01,l1-edx4ma1-f1-01
4,L1-EDX4MA1-F1-02,L1,edexcel-4ma1,Edexcel 4MA1,Foundation,Edexcel 4MA1 F1-02 Fractions Worksheet + Kahoot Companion (Foundation),Edexcel 4MA1 F1-02 Fractions (Foundation),Edexcel 4MA1 F1-02 Fractions (Foundation),70,41,41,US$3,US$4,https://payhip.com/25maths?src=kahoot_edexcel_l1&asset=f1-02,l1-edx4ma1-f1-02
4,L1-EDX4MA1-F1-03,L1,edexcel-4ma1,Edexcel 4MA1,Foundation,Edexcel 4MA1 F1-03 Decimals Worksheet + Kahoot Companion (Foundation),Edexcel 4MA1 F1-03 Decimals (Foundation),Edexcel 4MA1 F1-03 Decimals (Foundation),69,40,40,US$3,US$4,https://payhip.com/25maths?src=kahoot_edexcel_l1&asset=f1-03,l1-edx4ma1-f1-03
4,L1-EDX4MA1-F1-04,L1,edexcel-4ma1,Edexcel 4MA1,Foundation,Edexcel 4MA1 F1-04 Powers And Roots Worksheet + Kahoot Companion (Foundation),Edexcel 4MA1 F1-04 Powers & Roots (Foundation),Edexcel 4MA1 F1-04 Powers & Roots (Foundation),77,46,46,US$3,US$4,https://payhip.com/25maths?src=kahoot_edexcel_l1&asset=f1-04,l1-edx4ma1-f1-04
4,L1-EDX4MA1-F1-05,L1,edexcel-4ma1,Edexcel 4MA1,Foundation,Edexcel 4MA1 F1-05 Set Language And Notation Worksheet + Kahoot Companion (Foundation),Edexcel 4MA1 F1-05 Set Language & Notation (Foundation),4MA1 F1-05 Set Language & Notation (Foundation),86,55,47,US$3,US$4,https://payhip.com/25maths?src=kahoot_edexcel_l1&asset=f1-05,l1-edx4ma1-f1-05
4,L1-EDX4MA1-F1-06,L1,edexcel-4ma1,Edexcel 4MA1,Foundation,Edexcel 4MA1 F1-06 Percentages Worksheet + Kahoot Companion (Foundation),Edexcel 4MA1 F1-06 Percentages (Foundation),Edexcel 4MA1 F1-06 Percentages (Foundation),72,43,43,US$3,US$4,https://payhip.com/25maths?src=kahoot_edexcel_l1&asset=f1-06,l1-edx4ma1-f1-06
4,L1-EDX4MA1-F1-07,L1,edexcel-4ma1,Edexcel 4MA1,Foundation,Edexcel 4MA1 F1-07 Ratio And Proportion Worksheet + Kahoot Companion (Foundation),Edexcel 4MA1 F1-07 Ratio & Proportion (Foundation),Edexcel 4MA1 F1-07 Ratio & Proportion (Foundation),81,50,50,US$3,US$4,https://payhip.com/25maths?src=kahoot_edexcel_l1&asset=f1-07,l1-edx4ma1-f1-07
4,L1-EDX4MA1-F1-08,L1,edexcel-4ma1,Edexcel 4MA1,Foundation,Edexcel 4MA1 F1-08 Degree Of Accuracy Worksheet + Kahoot Companion (Foundation),Edexcel 4MA1 F1-08 Degree Of Accuracy (Foundation),Edexcel 4MA1 F1-08 Degree Of Accuracy (Foundation),79,50,50,US$3,US$4,https://payhip.com/25maths?src=kahoot_edexcel_l1&asset=f1-08,l1-edx4ma1-f1-08
4,L1-EDX4MA1-F1-09,L1,edexcel-4ma1,Edexcel 4MA1,Foundation,Edexcel 4MA1 F1-09 Standard Form Worksheet + Kahoot Companion (Foundation),Edexcel 4MA1 F1-09 Standard Form (Foundation),Edexcel 4MA1 F1-09 Standard Form (Foundation),74,45,45,US$3,US$4,https://payhip.com/25maths?src=kahoot_edexcel_l1&asset=f1-09,l1-edx4ma1-f1-09
4,L1-EDX4MA1-F1-10,L1,edexcel-4ma1,Edexcel 4MA1,Foundation,Edexcel 4MA1 F1-10 Applying Number Worksheet + Kahoot Companion (Foundation),Edexcel 4MA1 F1-10 Applying Number (Foundation),Edexcel 4MA1 F1-10 Applying Number (Foundation),76,47,47,US$3,US$4,https://payhip.com/25maths?src=kahoot_edexcel_l1&asset=f1-10,l1-edx4ma1-f1-10
4,L1-EDX4MA1-F1-11,L1,edexcel-4ma1,Edexcel 4MA1,Foundation,Edexcel 4MA1 F1-11 Electronic Calculators Worksheet + Kahoot Companion (Foundation),Edexcel 4MA1 F1-11 Electronic Calculators (Foundation),4MA1 F1-11 Electronic Calculators (Foundation),83,54,46,US$3,US$4,https://payhip.com/25maths?src=kahoot_edexcel_l1&asset=f1-11,l1-edx4ma1-f1-11
4,L1-EDX4MA1-F2-01,L1,edexcel-4ma1,Edexcel 4MA1,Foundation,Edexcel 4MA1 F2-01 Use Of Symbols Worksheet + Kahoot Companion (Foundation),Edexcel 4MA1 F2-01 Use Of Symbols (Foundation),Edexcel 4MA1 F2-01 Use Of Symbols (Foundation),75,46,46,US$3,US$4,https://payhip.com/25maths?src=kahoot_edexcel_l1&asset=f2-01,l1-edx4ma1-f2-01
4,L1-EDX4MA1-F2-02,L1,edexcel-4ma1,Edexcel 4MA1,Foundation,Edexcel 4MA1 F2-02 Algebraic Manipulation Worksheet + Kahoot Companion (Foundation),Edexcel 4MA1 F2-02 Algebraic Manipulation (Foundation),4MA1 F2-02 Algebraic Manipulation (Foundation),83,54,46,US$3,US$4,https://payhip.com/25maths?src=kahoot_edexcel_l1&asset=f2-02,l1-edx4ma1-f2-02
4,L1-EDX4MA1-F2-03,L1,edexcel-4ma1,Edexcel 4MA1,Foundation,Edexcel 4MA1 F2-03 Expressions And Formulae Worksheet + Kahoot Companion (Foundation),Edexcel 4MA1 F2-03 Expressions & Formulae (Foundation),4MA1 F2-03 Expressions & Formulae (Foundation),85,54,46,US$3,US$4,https://payhip.com/25maths?src=kahoot_edexcel_l1&asset=f2-03,l1-edx4ma1-f2-03
4,L1-EDX4MA1-F2-04,L1,edexcel-4ma1,Edexcel 4MA1,Foundation,Edexcel 4MA1 F2-04 Linear Equations Worksheet + Kahoot Companion (Foundation),Edexcel 4MA1 F2-04 Linear Equations (Foundation),Edexcel 4MA1 F2-04 Linear Equations (Foundation),77,48,48,US$3,US$4,https://payhip.com/25maths?src=kahoot_edexcel_l1&asset=f2-04,l1-edx4ma1-f2-04
4,L1-EDX4MA1-F2-05,L1,edexcel-4ma1,Edexcel 4MA1,Foundation,Edexcel 4MA1 F2-05 Proportion Worksheet + Kahoot Companion (Foundation),Edexcel 4MA1 F2-05 Proportion (Foundation),Edexcel 4MA1 F2-05 Proportion (Foundation),71,42,42,US$3,US$4,https://payhip.com/25maths?src=kahoot_edexcel_l1&asset=f2-05,l1-edx4ma1-f2-05
4,L1-EDX4MA1-F2-06,L1,edexcel-4ma1,Edexcel 4MA1,Foundation,Edexcel 4MA1 F2-06 Simultaneous Linear Equations Worksheet + Kahoot Companion (Foundation),Edexcel 4MA1 F2-06 Simultaneous Eqns (Foundation),Edexcel 4MA1 F2-06 Simultaneous Eqns (Foundation),90,49,49,US$3,US$4,https://payhip.com/25maths?src=kahoot_edexcel_l1&asset=f2-06,l1-edx4ma1-f2-06
4,L1-EDX4MA1-F2-07,L1,edexcel-4ma1,Edexcel 4MA1,Foundation,Edexcel 4MA1 F2-07 Quadratic Equations Worksheet + Kahoot Companion (Foundation),Edexcel 4MA1 F2-07 Quadratic Equations (Foundation),Edexcel 4MA1 F2-07 Quadratic Equations (Foundation),80,51,51,US$3,US$4,https://payhip.com/25maths?src=kahoot_edexcel_l1&asset=f2-07,l1-edx4ma1-f2-07
4,L1-EDX4MA1-F2-08,L1,edexcel-4ma1,Edexcel 4MA1,Foundation,Edexcel 4MA1 F2-08 Inequalities Worksheet + Kahoot Companion (Foundation),Edexcel 4MA1 F2-08 Inequalities (Foundation),Edexcel 4MA1 F2-08 Inequalities (Foundation),73,44,44,US$3,US$4,https://payhip.com/25maths?src=kahoot_edexcel_l1&asset=f2-08,l1-edx4ma1-f2-08
4,L1-EDX4MA1-F3-01,L1,edexcel-4ma1,Edexcel 4MA1,Foundation,Edexcel 4MA1 F3-01 Sequences Worksheet + Kahoot Companion (Foundation),Edexcel 4MA1 F3-01 Sequences (Foundation),Edexcel 4MA1 F3-01 Sequences (Foundation),70,41,41,US$3,US$4,https://payhip.com/25maths?src=kahoot_edexcel_l1&asset=f3-01,l1-edx4ma1-f3-01
4,L1-EDX4MA1-F3-02,L1,edexcel-4ma1,Edexcel 4MA1,Foundation,Edexcel 4MA1 F3-02 Function Notation Worksheet + Kahoot Companion (Foundation),Edexcel 4MA1 F3-02 Function Notation (Foundation),Edexcel 4MA1 F3-02 Function Notation (Foundation),78,49,49,US$3,US$4,https://payhip.com/25maths?src=kahoot_edexcel_l1&asset=f3-02,l1-edx4ma1-f3-02
4,L1-EDX4MA1-F3-03,L1,edexcel-4ma1,Edexcel 4MA1,Foundation,Edexcel 4MA1 F3-03 Graphs Worksheet + Kahoot Companion (Foundation),Edexcel 4MA1 F3-03 Graphs (Foundation),Edexcel 4MA1 F3-03 Graphs (Foundation),67,38,38,US$3,US$4,https://payhip.com/25maths?src=kahoot_edexcel_l1&asset=f3-03,l1-edx4ma1-f3-03
4,L1-EDX4MA1-F3-04,L1,edexcel-4ma1,Edexcel 4MA1,Foundation,Edexcel 4MA1 F3-04 Calculus Worksheet + Kahoot Companion (Foundation),Edexcel 4MA1 F3-04 Calculus (Foundation),Edexcel 4MA1 F3-04 Calculus (Foundation),69,40,40,US$3,US$4,https://payhip.com/25maths?src=kahoot_edexcel_l1&asset=f3-04,l1-edx4ma1-f3-04
4,L1-EDX4MA1-F4-01,L1,edexcel-4ma1,Edexcel 4MA1,Foundation,Edexcel 4MA1 F4-01 Angles Lines And Triangles Worksheet + Kahoot Companion (Foundation),"Edexcel 4MA1 F4-01 Angles, Lines & Triangles (Foundation)","4MA1 F4-01 Angles, Lines & Triangles (Foundation)",87,57,49,US$3,US$4,https://payhip.com/25maths?src=kahoot_edexcel_l1&asset=f4-01,l1-edx4ma1-f4-01
4,L1-EDX4MA1-F4-02,L1,edexcel-4ma1,Edexcel 4MA1,Foundation,Edexcel 4MA1 F4-02 Polygons Worksheet + Kahoot Companion (Foundation),Edexcel 4MA1 F4-02 Polygons (Foundation),Edexcel 4MA1 F4-02 Polygons (Foundation),69,40,40,US$3,US$4,https://payhip.com/25maths?src=kahoot_edexcel_l1&asset=f4-02,l1-edx4ma1-f4-02
4,L1-EDX4MA1-F4-03,L1,edexcel-4ma1,Edexcel 4MA1,Foundation,Edexcel 4MA1 F4-03 Symmetry Worksheet + Kahoot Companion (Foundation),Edexcel 4MA1 F4-03 Symmetry (Foundation),Edexcel 4MA1 F4-03 Symmetry (Foundation),69,40,40,US$3,US$4,https://payhip.com/25maths?src=kahoot_edexcel_l1&asset=f4-03,l1-edx4ma1-f4-03
4,L1-EDX4MA1-F4-04,L1,edexcel-4ma1,Edexcel 4MA1,Foundation,Edexcel 4MA1 F4-04 Measures Worksheet + Kahoot Companion (Foundation),Edexcel 4MA1 F4-04 Measures (Foundation),Edexcel 4MA1 F4-04 Measures (Foundation),69,40,40,US$3,US$4,https://payhip.com/25maths?src=kahoot_edexcel_l1&asset=f4-04,l1-edx4ma1-f4-04
4,L1-EDX4MA1-F4-05,L1,edexcel-4ma1,Edexcel 4MA1,Foundation,Edexcel 4MA1 F4-05 Construction Worksheet + Kahoot Companion (Foundation),Edexcel 4MA1 F4-05 Construction (Foundation),Edexcel 4MA1 F4-05 Construction (Foundation),73,44,44,US$3,US$4,https://payhip.com/25maths?src=kahoot_edexcel_l1&asset=f4-05,l1-edx4ma1-f4-05
4,L1-EDX4MA1-F4-06,L1,edexcel-4ma1,Edexcel 4MA1,Foundation,Edexcel 4MA1 F4-06 Circle Properties Worksheet + Kahoot Companion (Foundation),Edexcel 4MA1 F4-06 Circle Properties (Foundation),Edexcel 4MA1 F4-06 Circle Properties (Foundation),78,49,49,US$3,US$4,https://payhip.com/25maths?src=kahoot_edexcel_l1&asset=f4-06,l1-edx4ma1-f4-06
4,L1-EDX4MA1-F4-07,L1,edexcel-4ma1,Edexcel 4MA1,Foundation,Edexcel 4MA1 F4-07 Geometrical Reasoning Worksheet + Kahoot Companion (Foundation),Edexcel 4MA1 F4-07 Geo Reasoning (Foundation),Edexcel 4MA1 F4-07 Geo Reasoning (Foundation),82,45,45,US$3,US$4,https://payhip.com/25maths?src=kahoot_edexcel_l1&asset=f4-07,l1-edx4ma1-f4-07
4,L1-EDX4MA1-F4-08,L1,edexcel-4ma1,Edexcel 4MA1,Foundation,Edexcel 4MA1 F4-08 Trigonometry And Pythagoras Theorem Worksheet + Kahoot Companion (Foundation),Edexcel 4MA1 F4-08 Trigonometry & Pythagoras (Foundation),4MA1 F4-08 Trigonometry & Pythagoras (Foundation),96,57,49,US$3,US$4,https://payhip.com/25maths?src=kahoot_edexcel_l1&asset=f4-08,l1-edx4ma1-f4-08
4,L1-EDX4MA1-F4-09,L1,edexcel-4ma1,Edexcel 4MA1,Foundation,Edexcel 4MA1 F4-09 Mensuration Of 2D Shapes Worksheet + Kahoot Companion (Foundation),Edexcel 4MA1 F4-09 Mensuration Of 2D Shapes (Foundation),4MA1 F4-09 Mensuration Of 2D Shapes (Foundation),85,56,48,US$3,US$4,https://payhip.com/25maths?src=kahoot_edexcel_l1&asset=f4-09,l1-edx4ma1-f4-09
4,L1-EDX4MA1-F4-10,L1,edexcel-4ma1,Edexcel 4MA1,Foundation,Edexcel 4MA1 F4-10 3D Shapes And Volume Worksheet + Kahoot Companion (Foundation),Edexcel 4MA1 F4-10 3D Shapes & Volume (Foundation),Edexcel 4MA1 F4-10 3D Shapes & Volume (Foundation),81,50,50,US$3,US$4,https://payhip.com/25maths?src=kahoot_edexcel_l1&asset=f4-10,l1-edx4ma1-f4-10
4,L1-EDX4MA1-F4-11,L1,edexcel-4ma1,Edexcel 4MA1,Foundation,Edexcel 4MA1 F4-11 Similarity Worksheet + Kahoot Companion (Foundation),Edexcel 4MA1 F4-11 Similarity (Foundation),Edexcel 4MA1 F4-11 Similarity (Foundation),71,42,42,US$3,US$4,https://payhip.com/25maths?src=kahoot_edexcel_l1&asset=f4-11,l1-edx4ma1-f4-11
4,L1-EDX4MA1-F5-01,L1,edexcel-4ma1,Edexcel 4MA1,Foundation,Edexcel 4MA1 F5-01 Vectors Worksheet + Kahoot Companion (Foundation),Edexcel 4MA1 F5-01 Vectors (Foundation),Edexcel 4MA1 F5-01 Vectors (Foundation),68,39,39,US$3,US$4,https://payhip.com/25maths?src=kahoot_edexcel_l1&asset=f5-01,l1-edx4ma1-f5-01
4,L1-EDX4MA1-F5-02,L1,edexcel-4ma1,Edexcel 4MA1,Foundation,Edexcel 4MA1 F5-02 Transformation Geometry Worksheet + Kahoot Companion (Foundation),Edexcel 4MA1 F5-02 Transformation Geometry (Foundation),4MA1 F5-02 Transformation Geometry (Foundation),84,55,47,US$3,US$4,https://payhip.com/25maths?src=kahoot_edexcel_l1&asset=f5-02,l1-edx4ma1-f5-02
4,L1-EDX4MA1-F6-01,L1,edexcel-4ma1,Edexcel 4MA1,Foundation,Edexcel 4MA1 F6-01 Graphical Representation Of Data Worksheet + Kahoot Companion (Foundation),Edexcel 4MA1 F6-01 Graphical Data (Foundation),Edexcel 4MA1 F6-01 Graphical Data (Foundation),93,46,46,US$3,US$4,https://payhip.com/25maths?src=kahoot_edexcel_l1&asset=f6-01,l1-edx4ma1-f6-01
4,L1-EDX4MA1-F6-02,L1,edexcel-4ma1,Edexcel 4MA1,Foundation,Edexcel 4MA1 F6-02 Statistical Measures Worksheet + Kahoot Companion (Foundation),Edexcel 4MA1 F6-02 Statistical Measures (Foundation),Edexcel 4MA1 F6-02 Statistical Measures (Foundation),81,52,52,US$3,US$4,https://payhip.com/25maths?src=kahoot_edexcel_l1&asset=f6-02,l1-edx4ma1-f6-02
4,L1-EDX4MA1-F6-03,L1,edexcel-4ma1,Edexcel 4MA1,Foundation,Edexcel 4MA1 F6-03 Probability Worksheet + Kahoot Companion (Foundation),Edexcel 4MA1 F6-03 Probability (Foundation),Edexcel 4MA1 F6-03 Probability (Foundation),72,43,43,US$3,US$4,https://payhip.com/25maths?src=kahoot_edexcel_l1&asset=f6-03,l1-edx4ma1-f6-03
4,L1-EDX4MA1-H1-01,L1,edexcel-4ma1,Edexcel 4MA1,Higher,Edexcel 4MA1 H1-01 Integers Worksheet + Kahoot Companion (Higher),Edexcel 4MA1 H1-01 Integers (Higher),Edexcel 4MA1 H1-01 Integers (Higher),65,36,36,US$3,US$4,https://payhip.com/25maths?src=kahoot_edexcel_l1&asset=h1-01,l1-edx4ma1-h1-01
4,L1-EDX4MA1-H1-02,L1,edexcel-4ma1,Edexcel 4MA1,Higher,Edexcel 4MA1 H1-02 Fractions Worksheet + Kahoot Companion (Higher),Edexcel 4MA1 H1-02 Fractions (Higher),Edexcel 4MA1 H1-02 Fractions (Higher),66,37,37,US$3,US$4,https://payhip.com/25maths?src=kahoot_edexcel_l1&asset=h1-02,l1-edx4ma1-h1-02
4,L1-EDX4MA1-H1-03,L1,edexcel-4ma1,Edexcel 4MA1,Higher,Edexcel 4MA1 H1-03 Decimals Worksheet + Kahoot Companion (Higher),Edexcel 4MA1 H1-03 Decimals (Higher),Edexcel 4MA1 H1-03 Decimals (Higher),65,36,36,US$3,US$4,https://payhip.com/25maths?src=kahoot_edexcel_l1&asset=h1-03,l1-edx4ma1-h1-03
4,L1-EDX4MA1-H1-04,L1,edexcel-4ma1,Edexcel 4MA1,Higher,Edexcel 4MA1 H1-04 Powers And Roots Worksheet + Kahoot Companion (Higher),Edexcel 4MA1 H1-04 Powers & Roots (Higher),Edexcel 4MA1 H1-04 Powers & Roots (Higher),73,42,42,US$3,US$4,https://payhip.com/25maths?src=kahoot_edexcel_l1&asset=h1-04,l1-edx4ma1-h1-04
4,L1-EDX4MA1-H1-05,L1,edexcel-4ma1,Edexcel 4MA1,Higher,Edexcel 4MA1 H1-05 Set Language And Notation Worksheet + Kahoot Companion (Higher),Edexcel 4MA1 H1-05 Set Language & Notation (Higher),Edexcel 4MA1 H1-05 Set Language & Notation (Higher),82,51,51,US$3,US$4,https://payhip.com/25maths?src=kahoot_edexcel_l1&asset=h1-05,l1-edx4ma1-h1-05
4,L1-EDX4MA1-H1-06,L1,edexcel-4ma1,Edexcel 4MA1,Higher,Edexcel 4MA1 H1-06 Percentages Worksheet + Kahoot Companion (Higher),Edexcel 4MA1 H1-06 Percentages (Higher),Edexcel 4MA1 H1-06 Percentages (Higher),68,39,39,US$3,US$4,https://payhip.com/25maths?src=kahoot_edexcel_l1&asset=h1-06,l1-edx4ma1-h1-06
4,L1-EDX4MA1-H1-07,L1,edexcel-4ma1,Edexcel 4MA1,Higher,Edexcel 4MA1 H1-07 Ratio And Proportion Worksheet + Kahoot Companion (Higher),Edexcel 4MA1 H1-07 Ratio & Proportion (Higher),Edexcel 4MA1 H1-07 Ratio & Proportion (Higher),77,46,46,US$3,US$4,https://payhip.com/25maths?src=kahoot_edexcel_l1&asset=h1-07,l1-edx4ma1-h1-07
4,L1-EDX4MA1-H1-08,L1,edexcel-4ma1,Edexcel 4MA1,Higher,Edexcel 4MA1 H1-08 Degree Of Accuracy Worksheet + Kahoot Companion (Higher),Edexcel 4MA1 H1-08 Degree Of Accuracy (Higher),Edexcel 4MA1 H1-08 Degree Of Accuracy (Higher),75,46,46,US$3,US$4,https://payhip.com/25maths?src=kahoot_edexcel_l1&asset=h1-08,l1-edx4ma1-h1-08
4,L1-EDX4MA1-H1-09,L1,edexcel-4ma1,Edexcel 4MA1,Higher,Edexcel 4MA1 H1-09 Standard Form Worksheet + Kahoot Companion (Higher),Edexcel 4MA1 H1-09 Standard Form (Higher),Edexcel 4MA1 H1-09 Standard Form (Higher),70,41,41,US$3,US$4,https://payhip.com/25maths?src=kahoot_edexcel_l1&asset=h1-09,l1-edx4ma1-h1-09
4,L1-EDX4MA1-H1-10,L1,edexcel-4ma1,Edexcel 4MA1,Higher,Edexcel 4MA1 H1-10 Applying Number Worksheet + Kahoot Companion (Higher),Edexcel 4MA1 H1-10 Applying Number (Higher),Edexcel 4MA1 H1-10 Applying Number (Higher),72,43,43,US$3,US$4,https://payhip.com/25maths?src=kahoot_edexcel_l1&asset=h1-10,l1-edx4ma1-h1-10
4,L1-EDX4MA1-H1-11,L1,edexcel-4ma1,Edexcel 4MA1,Higher,Edexcel 4MA1 H1-11 Electronic Calculators Worksheet + Kahoot Companion (Higher),Edexcel 4MA1 H1-11 Electronic Calculators (Higher),Edexcel 4MA1 H1-11 Electronic Calculators (Higher),79,50,50,US$3,US$4,https://payhip.com/25maths?src=kahoot_edexcel_l1&asset=h1-11,l1-edx4ma1-h1-11
4,L1-EDX4MA1-H2-01,L1,edexcel-4ma1,Edexcel 4MA1,Higher,Edexcel 4MA1 H2-01 Use Of Symbols Worksheet + Kahoot Companion (Higher),Edexcel 4MA1 H2-01 Use Of Symbols (Higher),Edexcel 4MA1 H2-01 Use Of Symbols (Higher),71,42,42,US$3,US$4,https://payhip.com/25maths?src=kahoot_edexcel_l1&asset=h2-01,l1-edx4ma1-h2-01
4,L1-EDX4MA1-H2-02,L1,edexcel-4ma1,Edexcel 4MA1,Higher,Edexcel 4MA1 H2-02 Algebraic Manipulation Worksheet + Kahoot Companion (Higher),Edexcel 4MA1 H2-02 Algebraic Manipulation (Higher),Edexcel 4MA1 H2-02 Algebraic Manipulation (Higher),79,50,50,US$3,US$4,https://payhip.com/25maths?src=kahoot_edexcel_l1&asset=h2-02,l1-edx4ma1-h2-02
4,L1-EDX4MA1-H2-03,L1,edexcel-4ma1,Edexcel 4MA1,Higher,Edexcel 4MA1 H2-03 Expressions And Formulae Worksheet + Kahoot Companion (Higher),Edexcel 4MA1 H2-03 Expressions & Formulae (Higher),Edexcel 4MA1 H2-03 Expressions & Formulae (Higher),81,50,50,US$3,US$4,https://payhip.com/25maths?src=kahoot_edexcel_l1&asset=h2-03,l1-edx4ma1-h2-03
4,L1-EDX4MA1-H2-04,L1,edexcel-4ma1,Edexcel 4MA1,Higher,Edexcel 4MA1 H2-04 Linear Equations Worksheet + Kahoot Companion (Higher),Edexcel 4MA1 H2-04 Linear Equations (Higher),Edexcel 4MA1 H2-04 Linear Equations (Higher),73,44,44,US$3,US$4,https://payhip.com/25maths?src=kahoot_edexcel_l1&asset=h2-04,l1-edx4ma1-h2-04
4,L1-EDX4MA1-H2-05,L1,edexcel-4ma1,Edexcel 4MA1,Higher,Edexcel 4MA1 H2-05 Proportion Worksheet + Kahoot Companion (Higher),Edexcel 4MA1 H2-05 Proportion (Higher),Edexcel 4MA1 H2-05 Proportion (Higher),67,38,38,US$3,US$4,https://payhip.com/25maths?src=kahoot_edexcel_l1&asset=h2-05,l1-edx4ma1-h2-05
4,L1-EDX4MA1-H2-06,L1,edexcel-4ma1,Edexcel 4MA1,Higher,Edexcel 4MA1 H2-06 Simultaneous Linear Equations Worksheet + Kahoot Companion (Higher),Edexcel 4MA1 H2-06 Simultaneous Eqns (Higher),Edexcel 4MA1 H2-06 Simultaneous Eqns (Higher),86,45,45,US$3,US$4,https://payhip.com/25maths?src=kahoot_edexcel_l1&asset=h2-06,l1-edx4ma1-h2-06
4,L1-EDX4MA1-H2-07,L1,edexcel-4ma1,Edexcel 4MA1,Higher,Edexcel 4MA1 H2-07 Quadratic Equations Worksheet + Kahoot Companion (Higher),Edexcel 4MA1 H2-07 Quadratic Equations (Higher),Edexcel 4MA1 H2-07 Quadratic Equations (Higher),76,47,47,US$3,US$4,https://payhip.com/25maths?src=kahoot_edexcel_l1&asset=h2-07,l1-edx4ma1-h2-07
4,L1-EDX4MA1-H2-08,L1,edexcel-4ma1,Edexcel 4MA1,Higher,Edexcel 4MA1 H2-08 Inequalities Worksheet + Kahoot Companion (Higher),Edexcel 4MA1 H2-08 Inequalities (Higher),Edexcel 4MA1 H2-08 Inequalities (Higher),69,40,40,US$3,US$4,https://payhip.com/25maths?src=kahoot_edexcel_l1&asset=h2-08,l1-edx4ma1-h2-08
4,L1-EDX4MA1-H3-01,L1,edexcel-4ma1,Edexcel 4MA1,Higher,Edexcel 4MA1 H3-01 Sequences Worksheet + Kahoot Companion (Higher),Edexcel 4MA1 H3-01 Sequences (Higher),Edexcel 4MA1 H3-01 Sequences (Higher),66,37,37,US$3,US$4,https://payhip.com/25maths?src=kahoot_edexcel_l1&asset=h3-01,l1-edx4ma1-h3-01
4,L1-EDX4MA1-H3-02,L1,edexcel-4ma1,Edexcel 4MA1,Higher,Edexcel 4MA1 H3-02 Function Notation Worksheet + Kahoot Companion (Higher),Edexcel 4MA1 H3-02 Function Notation (Higher),Edexcel 4MA1 H3-02 Function Notation (Higher),74,45,45,US$3,US$4,https://payhip.com/25maths?src=kahoot_edexcel_l1&asset=h3-02,l1-edx4ma1-h3-02
4,L1-EDX4MA1-H3-03,L1,edexcel-4ma1,Edexcel 4MA1,Higher,Edexcel 4MA1 H3-03 Graphs Worksheet + Kahoot Companion (Higher),Edexcel 4MA1 H3-03 Graphs (Higher),Edexcel 4MA1 H3-03 Graphs (Higher),63,34,34,US$3,US$4,https://payhip.com/25maths?src=kahoot_edexcel_l1&asset=h3-03,l1-edx4ma1-h3-03
4,L1-EDX4MA1-H3-04,L1,edexcel-4ma1,Edexcel 4MA1,Higher,Edexcel 4MA1 H3-04 Calculus Worksheet + Kahoot Companion (Higher),Edexcel 4MA1 H3-04 Calculus (Higher),Edexcel 4MA1 H3-04 Calculus (Higher),65,36,36,US$3,US$4,https://payhip.com/25maths?src=kahoot_edexcel_l1&asset=h3-04,l1-edx4ma1-h3-04
4,L1-EDX4MA1-H4-01,L1,edexcel-4ma1,Edexcel 4MA1,Higher,Edexcel 4MA1 H4-01 Angles Lines And Triangles Worksheet + Kahoot Companion (Higher),"Edexcel 4MA1 H4-01 Angles, Lines & Triangles (Higher)","4MA1 H4-01 Angles, Lines & Triangles (Higher)",83,53,45,US$3,US$4,https://payhip.com/25maths?src=kahoot_edexcel_l1&asset=h4-01,l1-edx4ma1-h4-01
4,L1-EDX4MA1-H4-02,L1,edexcel-4ma1,Edexcel 4MA1,Higher,Edexcel 4MA1 H4-02 Polygons Worksheet + Kahoot Companion (Higher),Edexcel 4MA1 H4-02 Polygons (Higher),Edexcel 4MA1 H4-02 Polygons (Higher),65,36,36,US$3,US$4,https://payhip.com/25maths?src=kahoot_edexcel_l1&asset=h4-02,l1-edx4ma1-h4-02
4,L1-EDX4MA1-H4-03,L1,edexcel-4ma1,Edexcel 4MA1,Higher,Edexcel 4MA1 H4-03 Symmetry Worksheet + Kahoot Companion (Higher),Edexcel 4MA1 H4-03 Symmetry (Higher),Edexcel 4MA1 H4-03 Symmetry (Higher),65,36,36,US$3,US$4,https://payhip.com/25maths?src=kahoot_edexcel_l1&asset=h4-03,l1-edx4ma1-h4-03
4,L1-EDX4MA1-H4-04,L1,edexcel-4ma1,Edexcel 4MA1,Higher,Edexcel 4MA1 H4-04 Measures Worksheet + Kahoot Companion (Higher),Edexcel 4MA1 H4-04 Measures (Higher),Edexcel 4MA1 H4-04 Measures (Higher),65,36,36,US$3,US$4,https://payhip.com/25maths?src=kahoot_edexcel_l1&asset=h4-04,l1-edx4ma1-h4-04
4,L1-EDX4MA1-H4-05,L1,edexcel-4ma1,Edexcel 4MA1,Higher,Edexcel 4MA1 H4-05 Construction Worksheet + Kahoot Companion (Higher),Edexcel 4MA1 H4-05 Construction (Higher),Edexcel 4MA1 H4-05 Construction (Higher),69,40,40,US$3,US$4,https://payhip.com/25maths?src=kahoot_edexcel_l1&asset=h4-05,l1-edx4ma1-h4-05
4,L1-EDX4MA1-H4-06,L1,edexcel-4ma1,Edexcel 4MA1,Higher,Edexcel 4MA1 H4-06 Circle Properties Worksheet + Kahoot Companion (Higher),Edexcel 4MA1 H4-06 Circle Properties (Higher),Edexcel 4MA1 H4-06 Circle Properties (Higher),74,45,45,US$3,US$4,https://payhip.com/25maths?src=kahoot_edexcel_l1&asset=h4-06,l1-edx4ma1-h4-06
4,L1-EDX4MA1-H4-07,L1,edexcel-4ma1,Edexcel 4MA1,Higher,Edexcel 4MA1 H4-07 Geometrical Reasoning Worksheet + Kahoot Companion (Higher),Edexcel 4MA1 H4-07 Geo Reasoning (Higher),Edexcel 4MA1 H4-07 Geo Reasoning (Higher),78,41,41,US$3,US$4,https://payhip.com/25maths?src=kahoot_edexcel_l1&asset=h4-07,l1-edx4ma1-h4-07
4,L1-EDX4MA1-H4-08,L1,edexcel-4ma1,Edexcel 4MA1,Higher,Edexcel 4MA1 H4-08 Trigonometry And Pythagoras Theorem Worksheet + Kahoot Companion (Higher),Edexcel 4MA1 H4-08 Trigonometry & Pythagoras (Higher),4MA1 H4-08 Trigonometry & Pythagoras (Higher),92,53,45,US$3,US$4,https://payhip.com/25maths?src=kahoot_edexcel_l1&asset=h4-08,l1-edx4ma1-h4-08
4,L1-EDX4MA1-H4-09,L1,edexcel-4ma1,Edexcel 4MA1,Higher,Edexcel 4MA1 H4-09 Mensuration Worksheet + Kahoot Companion (Higher),Edexcel 4MA1 H4-09 Mensuration (Higher),Edexcel 4MA1 H4-09 Mensuration (Higher),68,39,39,US$3,US$4,https://payhip.com/25maths?src=kahoot_edexcel_l1&asset=h4-09,l1-edx4ma1-h4-09
4,L1-EDX4MA1-H4-10,L1,edexcel-4ma1,Edexcel 4MA1,Higher,Edexcel 4MA1 H4-10 3D Shapes And Volume Worksheet + Kahoot Companion (Higher),Edexcel 4MA1 H4-10 3D Shapes & Volume (Higher),Edexcel 4MA1 H4-10 3D Shapes & Volume (Higher),77,46,46,US$3,US$4,https://payhip.com/25maths?src=kahoot_edexcel_l1&asset=h4-10,l1-edx4ma1-h4-10
4,L1-EDX4MA1-H4-11,L1,edexcel-4ma1,Edexcel 4MA1,Higher,Edexcel 4MA1 H4-11 Similarity Worksheet + Kahoot Companion (Higher),Edexcel 4MA1 H4-11 Similarity (Higher),Edexcel 4MA1 H4-11 Similarity (Higher),67,38,38,US$3,US$4,https://payhip.com/25maths?src=kahoot_edexcel_l1&asset=h4-11,l1-edx4ma1-h4-11
4,L1-EDX4MA1-H5-01,L1,edexcel-4ma1,Edexcel 4MA1,Higher,Edexcel 4MA1 H5-01 Vectors Worksheet + Kahoot Companion (Higher),Edexcel 4MA1 H5-01 Vectors (Higher),Edexcel 4MA1 H5-01 Vectors (Higher),64,35,35,US$3,US$4,https://payhip.com/25maths?src=kahoot_edexcel_l1&asset=h5-01,l1-edx4ma1-h5-01
4,L1-EDX4MA1-H5-02,L1,edexcel-4ma1,Edexcel 4MA1,Higher,Edexcel 4MA1 H5-02 Transformation Geometry Worksheet + Kahoot Companion (Higher),Edexcel 4MA1 H5-02 Transformation Geometry (Higher),Edexcel 4MA1 H5-02 Transformation Geometry (Higher),80,51,51,US$3,US$4,https://payhip.com/25maths?src=kahoot_edexcel_l1&asset=h5-02,l1-edx4ma1-h5-02
4,L1-EDX4MA1-H6-01,L1,edexcel-4ma1,Edexcel 4MA1,Higher,Edexcel 4MA1 H6-01 Graphical Representation Of Data Worksheet + Kahoot Companion (Higher),Edexcel 4MA1 H6-01 Graphical Data (Higher),Edexcel 4MA1 H6-01 Graphical Data (Higher),89,42,42,US$3,US$4,https://payhip.com/25maths?src=kahoot_edexcel_l1&asset=h6-01,l1-edx4ma1-h6-01
4,L1-EDX4MA1-H6-02,L1,edexcel-4ma1,Edexcel 4MA1,Higher,Edexcel 4MA1 H6-02 Statistical Measures Worksheet + Kahoot Companion (Higher),Edexcel 4MA1 H6-02 Statistical Measures (Higher),Edexcel 4MA1 H6-02 Statistical Measures (Higher),77,48,48,US$3,US$4,https://payhip.com/25maths?src=kahoot_edexcel_l1&asset=h6-02,l1-edx4ma1-h6-02
4,L1-EDX4MA1-H6-03,L1,edexcel-4ma1,Edexcel 4MA1,Higher,Edexcel 4MA1 H6-03 Probability Worksheet + Kahoot Companion (Higher),Edexcel 4MA1 H6-03 Probability (Higher),Edexcel 4MA1 H6-03 Probability (Higher),68,39,39,US$3,US$4,https://payhip.com/25maths?src=kahoot_edexcel_l1&asset=h6-03,l1-edx4ma1-h6-03
