upload_priority,sku,level,board,board_label,tier_scope,final_title_en,title_variant_used,final_title_len,listing_title_short_en,listing_title_mobile_en,price_early_bird,price_regular,payhip_url_seed
4,L1-CIE0580-C1-01,L1,cie0580,CIE 0580,Core,CIE 0580 C1-01 Types Of Number (Core),short,37,CIE 0580 C1-01 Types Of Number (Core),CIE 0580 C1-01 Types Of Number (Core),US$3,US$4,https://payhip.com/25maths?src=kahoot_cie0580_l1&asset=c1-01
4,L1-CIE0580-C1-02,L1,cie0580,CIE 0580,Core,CIE 0580 C1-02 Sets (Core),short,26,CIE 0580 C1-02 Sets (Core),CIE 0580 C1-02 Sets (Core),US$3,US$4,https://payhip.com/25maths?src=kahoot_cie0580_l1&asset=c1-02
4,L1-CIE0580-C1-03,L1,cie0580,CIE 0580,Core,CIE 0580 C1-03 Powers & Roots (Core),short,36,CIE 0580 C1-03 Powers & Roots (Core),CIE 0580 C1-03 Powers & Roots (Core),US$3,US$4,https://payhip.com/25maths?src=kahoot_cie0580_l1&asset=c1-03
4,L1-CIE0580-C1-04,L1,cie0580,CIE 0580,Core,CIE 0580 C1-04 FDP (Core),short,25,CIE 0580 C1-04 FDP (Core),CIE 0580 C1-04 FDP (Core),US$3,US$4,https://payhip.com/25maths?src=kahoot_cie0580_l1&asset=c1-04
4,L1-CIE0580-C1-05,L1,cie0580,CIE 0580,Core,CIE 0580 C1-05 Ordering (Core),short,30,CIE 0580 C1-05 Ordering (Core),CIE 0580 C1-05 Ordering (Core),US$3,US$4,https://payhip.com/25maths?src=kahoot_cie0580_l1&asset=c1-05
4,L1-CIE0580-C1-06,L1,cie0580,CIE 0580,Core,CIE 0580 C1-06 Four Operations (Core),short,37,CIE 0580 C1-06 Four Operations (Core),CIE 0580 C1-06 Four Operations (Core),US$3,US$4,https://payhip.com/25maths?src=kahoot_cie0580_l1&asset=c1-06
4,L1-CIE0580-C1-07,L1,cie0580,CIE 0580,Core,CIE 0580 C1-07 Indices I (Core),short,31,CIE 0580 C1-07 Indices I (Core),CIE 0580 C1-07 Indices I (Core),US$3,US$4,https://payhip.com/25maths?src=kahoot_cie0580_l1&asset=c1-07
4,L1-CIE0580-C1-08,L1,cie0580,CIE 0580,Core,CIE 0580 C1-08 Standard Form (Core),short,35,CIE 0580 C1-08 Standard Form (Core),CIE 0580 C1-08 Standard Form (Core),US$3,US$4,https://payhip.com/25maths?src=kahoot_cie0580_l1&asset=c1-08
4,L1-CIE0580-C1-09,L1,cie0580,CIE 0580,Core,CIE 0580 C1-09 Estimation & Approximation (Core),short,48,CIE 0580 C1-09 Estimation & Approximation (Core),CIE 0580 C1-09 Estimation & Approximation (Core),US$3,US$4,https://payhip.com/25maths?src=kahoot_cie0580_l1&asset=c1-09
4,L1-CIE0580-C1-10,L1,cie0580,CIE 0580,Core,CIE 0580 C1-10 Limits Of Accuracy (Core),short,40,CIE 0580 C1-10 Limits Of Accuracy (Core),CIE 0580 C1-10 Limits Of Accuracy (Core),US$3,US$4,https://payhip.com/25maths?src=kahoot_cie0580_l1&asset=c1-10
4,L1-CIE0580-C1-11,L1,cie0580,CIE 0580,Core,CIE 0580 C1-11 Ratio & Proportion (Core),short,40,CIE 0580 C1-11 Ratio & Proportion (Core),CIE 0580 C1-11 Ratio & Proportion (Core),US$3,US$4,https://payhip.com/25maths?src=kahoot_cie0580_l1&asset=c1-11
4,L1-CIE0580-C1-12,L1,cie0580,CIE 0580,Core,CIE 0580 C1-12 Rates (Core),short,27,CIE 0580 C1-12 Rates (Core),CIE 0580 C1-12 Rates (Core),US$3,US$4,https://payhip.com/25maths?src=kahoot_cie0580_l1&asset=c1-12
4,L1-CIE0580-C1-13,L1,cie0580,CIE 0580,Core,CIE 0580 C1-13 Percentages (Core),short,33,CIE 0580 C1-13 Percentages (Core),CIE 0580 C1-13 Percentages (Core),US$3,US$4,https://payhip.com/25maths?src=kahoot_cie0580_l1&asset=c1-13
4,L1-CIE0580-C1-14,L1,cie0580,CIE 0580,Core,CIE 0580 C1-14 Calculator Use (Core),short,36,CIE 0580 C1-14 Calculator Use (Core),CIE 0580 C1-14 Calculator Use (Core),US$3,US$4,https://payhip.com/25maths?src=kahoot_cie0580_l1&asset=c1-14
4,L1-CIE0580-C1-15,L1,cie0580,CIE 0580,Core,CIE 0580 C1-15 Time (Core),short,26,CIE 0580 C1-15 Time (Core),CIE 0580 C1-15 Time (Core),US$3,US$4,https://payhip.com/25maths?src=kahoot_cie0580_l1&asset=c1-15
4,L1-CIE0580-C1-16,L1,cie0580,CIE 0580,Core,CIE 0580 C1-16 Money (Core),short,27,CIE 0580 C1-16 Money (Core),CIE 0580 C1-16 Money (Core),US$3,US$4,https://payhip.com/25maths?src=kahoot_cie0580_l1&asset=c1-16
4,L1-CIE0580-C2-01,L1,cie0580,CIE 0580,Core,CIE 0580 C2-01 Introduction To Algebra (Core),short,45,CIE 0580 C2-01 Introduction To Algebra (Core),CIE 0580 C2-01 Introduction To Algebra (Core),US$3,US$4,https://payhip.com/25maths?src=kahoot_cie0580_l1&asset=c2-01
4,L1-CIE0580-C2-02,L1,cie0580,CIE 0580,Core,CIE 0580 C2-02 Algebraic Manipulation (Core),short,44,CIE 0580 C2-02 Algebraic Manipulation (Core),CIE 0580 C2-02 Algebraic Manipulation (Core),US$3,US$4,https://payhip.com/25maths?src=kahoot_cie0580_l1&asset=c2-02
4,L1-CIE0580-C2-04,L1,cie0580,CIE 0580,Core,CIE 0580 C2-04 Indices Ii (Core),short,32,CIE 0580 C2-04 Indices Ii (Core),CIE 0580 C2-04 Indices Ii (Core),US$3,US$4,https://payhip.com/25maths?src=kahoot_cie0580_l1&asset=c2-04
4,L1-CIE0580-C2-05,L1,cie0580,CIE 0580,Core,CIE 0580 C2-05 Equations (Core),short,31,CIE 0580 C2-05 Equations (Core),CIE 0580 C2-05 Equations (Core),US$3,US$4,https://payhip.com/25maths?src=kahoot_cie0580_l1&asset=c2-05
4,L1-CIE0580-C2-06,L1,cie0580,CIE 0580,Core,CIE 0580 C2-06 Inequalities (Core),short,34,CIE 0580 C2-06 Inequalities (Core),CIE 0580 C2-06 Inequalities (Core),US$3,US$4,https://payhip.com/25maths?src=kahoot_cie0580_l1&asset=c2-06
4,L1-CIE0580-C2-07,L1,cie0580,CIE 0580,Core,CIE 0580 C2-07 Sequences (Core),short,31,CIE 0580 C2-07 Sequences (Core),CIE 0580 C2-07 Sequences (Core),US$3,US$4,https://payhip.com/25maths?src=kahoot_cie0580_l1&asset=c2-07
4,L1-CIE0580-C2-09,L1,cie0580,CIE 0580,Core,CIE 0580 C2-09 Graphs In Practical Situations (Core),short,52,CIE 0580 C2-09 Graphs In Practical Situations (Core),CIE 0580 C2-09 Graphs In Practical Situations (Core),US$3,US$4,https://payhip.com/25maths?src=kahoot_cie0580_l1&asset=c2-09
4,L1-CIE0580-C2-10,L1,cie0580,CIE 0580,Core,CIE 0580 C2-10 Graphs Of Functions (Core),short,41,CIE 0580 C2-10 Graphs Of Functions (Core),CIE 0580 C2-10 Graphs Of Functions (Core),US$3,US$4,https://payhip.com/25maths?src=kahoot_cie0580_l1&asset=c2-10
4,L1-CIE0580-C2-11,L1,cie0580,CIE 0580,Core,CIE 0580 C2-11 Sketching Curves (Core),short,38,CIE 0580 C2-11 Sketching Curves (Core),CIE 0580 C2-11 Sketching Curves (Core),US$3,US$4,https://payhip.com/25maths?src=kahoot_cie0580_l1&asset=c2-11
4,L1-CIE0580-C3-01,L1,cie0580,CIE 0580,Core,CIE 0580 C3-01 Coordinates (Core),short,33,CIE 0580 C3-01 Coordinates (Core),CIE 0580 C3-01 Coordinates (Core),US$3,US$4,https://payhip.com/25maths?src=kahoot_cie0580_l1&asset=c3-01
4,L1-CIE0580-C3-02,L1,cie0580,CIE 0580,Core,CIE 0580 C3-02 Drawing Linear Graphs (Core),short,43,CIE 0580 C3-02 Drawing Linear Graphs (Core),CIE 0580 C3-02 Drawing Linear Graphs (Core),US$3,US$4,https://payhip.com/25maths?src=kahoot_cie0580_l1&asset=c3-02
4,L1-CIE0580-C3-03,L1,cie0580,CIE 0580,Core,CIE 0580 C3-03 Gradient Of Linear Graphs (Core),short,47,CIE 0580 C3-03 Gradient Of Linear Graphs (Core),CIE 0580 C3-03 Gradient Of Linear Graphs (Core),US$3,US$4,https://payhip.com/25maths?src=kahoot_cie0580_l1&asset=c3-03
4,L1-CIE0580-C3-05,L1,cie0580,CIE 0580,Core,CIE 0580 C3-05 Equations Of Linear Graphs (Core),short,48,CIE 0580 C3-05 Equations Of Linear Graphs (Core),CIE 0580 C3-05 Equations Of Linear Graphs (Core),US$3,US$4,https://payhip.com/25maths?src=kahoot_cie0580_l1&asset=c3-05
4,L1-CIE0580-C3-06,L1,cie0580,CIE 0580,Core,CIE 0580 C3-06 Parallel Lines (Core),short,36,CIE 0580 C3-06 Parallel Lines (Core),CIE 0580 C3-06 Parallel Lines (Core),US$3,US$4,https://payhip.com/25maths?src=kahoot_cie0580_l1&asset=c3-06
4,L1-CIE0580-C4-01,L1,cie0580,CIE 0580,Core,CIE 0580 C4-01 Geo Terms (Core),short,31,CIE 0580 C4-01 Geo Terms (Core),CIE 0580 C4-01 Geo Terms (Core),US$3,US$4,https://payhip.com/25maths?src=kahoot_cie0580_l1&asset=c4-01
4,L1-CIE0580-C4-02,L1,cie0580,CIE 0580,Core,CIE 0580 C4-02 Geo Constructions (Core),short,39,CIE 0580 C4-02 Geo Constructions (Core),CIE 0580 C4-02 Geo Constructions (Core),US$3,US$4,https://payhip.com/25maths?src=kahoot_cie0580_l1&asset=c4-02
4,L1-CIE0580-C4-03,L1,cie0580,CIE 0580,Core,CIE 0580 C4-03 Scale Drawings (Core),short,36,CIE 0580 C4-03 Scale Drawings (Core),CIE 0580 C4-03 Scale Drawings (Core),US$3,US$4,https://payhip.com/25maths?src=kahoot_cie0580_l1&asset=c4-03
4,L1-CIE0580-C4-04,L1,cie0580,CIE 0580,Core,CIE 0580 C4-04 Similarity (Core),short,32,CIE 0580 C4-04 Similarity (Core),CIE 0580 C4-04 Similarity (Core),US$3,US$4,https://payhip.com/25maths?src=kahoot_cie0580_l1&asset=c4-04
4,L1-CIE0580-C4-05,L1,cie0580,CIE 0580,Core,CIE 0580 C4-05 Symmetry (Core),short,30,CIE 0580 C4-05 Symmetry (Core),CIE 0580 C4-05 Symmetry (Core),US$3,US$4,https://payhip.com/25maths?src=kahoot_cie0580_l1&asset=c4-05
4,L1-CIE0580-C4-06,L1,cie0580,CIE 0580,Core,CIE 0580 C4-06 Angles (Core),short,28,CIE 0580 C4-06 Angles (Core),CIE 0580 C4-06 Angles (Core),US$3,US$4,https://payhip.com/25maths?src=kahoot_cie0580_l1&asset=c4-06
4,L1-CIE0580-C4-07,L1,cie0580,CIE 0580,Core,CIE 0580 C4-07 Circle Theorems (Core),short,37,CIE 0580 C4-07 Circle Theorems (Core),CIE 0580 C4-07 Circle Theorems (Core),US$3,US$4,https://payhip.com/25maths?src=kahoot_cie0580_l1&asset=c4-07
4,L1-CIE0580-C5-01,L1,cie0580,CIE 0580,Core,CIE 0580 C5-01 Units Of Measure (Core),short,38,CIE 0580 C5-01 Units Of Measure (Core),CIE 0580 C5-01 Units Of Measure (Core),US$3,US$4,https://payhip.com/25maths?src=kahoot_cie0580_l1&asset=c5-01
4,L1-CIE0580-C5-02,L1,cie0580,CIE 0580,Core,CIE 0580 C5-02 Area & Perimeter (Core),short,38,CIE 0580 C5-02 Area & Perimeter (Core),CIE 0580 C5-02 Area & Perimeter (Core),US$3,US$4,https://payhip.com/25maths?src=kahoot_cie0580_l1&asset=c5-02
4,L1-CIE0580-C5-03,L1,cie0580,CIE 0580,Core,CIE 0580 C5-03 Circles Arcs & Sectors (Core),short,44,CIE 0580 C5-03 Circles Arcs & Sectors (Core),CIE 0580 C5-03 Circles Arcs & Sectors (Core),US$3,US$4,https://payhip.com/25maths?src=kahoot_cie0580_l1&asset=c5-03
4,L1-CIE0580-C5-04,L1,cie0580,CIE 0580,Core,CIE 0580 C5-04 Surface Area & Volume (Core),short,43,CIE 0580 C5-04 Surface Area & Volume (Core),CIE 0580 C5-04 Surface Area & Volume (Core),US$3,US$4,https://payhip.com/25maths?src=kahoot_cie0580_l1&asset=c5-04
4,L1-CIE0580-C5-05,L1,cie0580,CIE 0580,Core,CIE 0580 C5-05 Compound Shapes (Core),short,37,CIE 0580 C5-05 Compound Shapes (Core),CIE 0580 C5-05 Compound Shapes (Core),US$3,US$4,https://payhip.com/25maths?src=kahoot_cie0580_l1&asset=c5-05
4,L1-CIE0580-C6-01,L1,cie0580,CIE 0580,Core,CIE 0580 C6-01 Pythagoras (Core),short,32,CIE 0580 C6-01 Pythagoras (Core),CIE 0580 C6-01 Pythagoras (Core),US$3,US$4,https://payhip.com/25maths?src=kahoot_cie0580_l1&asset=c6-01
4,L1-CIE0580-C6-02,L1,cie0580,CIE 0580,Core,CIE 0580 C6-02 Right Angled Triangles (Core),short,44,CIE 0580 C6-02 Right Angled Triangles (Core),CIE 0580 C6-02 Right Angled Triangles (Core),US$3,US$4,https://payhip.com/25maths?src=kahoot_cie0580_l1&asset=c6-02
4,L1-CIE0580-C7-01,L1,cie0580,CIE 0580,Core,CIE 0580 C7-01 Transformations (Core),short,37,CIE 0580 C7-01 Transformations (Core),CIE 0580 C7-01 Transformations (Core),US$3,US$4,https://payhip.com/25maths?src=kahoot_cie0580_l1&asset=c7-01
4,L1-CIE0580-C8-01,L1,cie0580,CIE 0580,Core,CIE 0580 C8-01 Introduction To Probability (Core),short,49,CIE 0580 C8-01 Introduction To Probability (Core),CIE 0580 C8-01 Introduction To Probability (Core),US$3,US$4,https://payhip.com/25maths?src=kahoot_cie0580_l1&asset=c8-01
4,L1-CIE0580-C8-02,L1,cie0580,CIE 0580,Core,CIE 0580 C8-02 Rel & Exp Freq (Core),short,36,CIE 0580 C8-02 Rel & Exp Freq (Core),CIE 0580 C8-02 Rel & Exp Freq (Core),US$3,US$4,https://payhip.com/25maths?src=kahoot_cie0580_l1&asset=c8-02
4,L1-CIE0580-C8-03,L1,cie0580,CIE 0580,Core,CIE 0580 C8-03 Probability Of Combined Events (Core),short,52,CIE 0580 C8-03 Probability Of Combined Events (Core),CIE 0580 C8-03 Probability Of Combined Events (Core),US$3,US$4,https://payhip.com/25maths?src=kahoot_cie0580_l1&asset=c8-03
4,L1-CIE0580-C9-01,L1,cie0580,CIE 0580,Core,CIE 0580 C9-01 Classifying Statistical Data (Core),short,50,CIE 0580 C9-01 Classifying Statistical Data (Core),CIE 0580 C9-01 Classifying Statistical Data (Core),US$3,US$4,https://payhip.com/25maths?src=kahoot_cie0580_l1&asset=c9-01
4,L1-CIE0580-C9-02,L1,cie0580,CIE 0580,Core,CIE 0580 C9-02 Interpreting Statistical Data (Core),short,51,CIE 0580 C9-02 Interpreting Statistical Data (Core),CIE 0580 C9-02 Interpreting Statistical Data (Core),US$3,US$4,https://payhip.com/25maths?src=kahoot_cie0580_l1&asset=c9-02
4,L1-CIE0580-C9-03,L1,cie0580,CIE 0580,Core,CIE 0580 C9-03 Averages & Range (Core),short,38,CIE 0580 C9-03 Averages & Range (Core),CIE 0580 C9-03 Averages & Range (Core),US$3,US$4,https://payhip.com/25maths?src=kahoot_cie0580_l1&asset=c9-03
4,L1-CIE0580-C9-04,L1,cie0580,CIE 0580,Core,CIE 0580 C9-04 Statistical Charts & Diagrams (Core),short,51,CIE 0580 C9-04 Statistical Charts & Diagrams (Core),CIE 0580 C9-04 Statistical Charts & Diagrams (Core),US$3,US$4,https://payhip.com/25maths?src=kahoot_cie0580_l1&asset=c9-04
4,L1-CIE0580-E1-01,L1,cie0580,CIE 0580,Extended,CIE 0580 E1-01 Types Of Number (Extended),short,41,CIE 0580 E1-01 Types Of Number (Extended),CIE 0580 E1-01 Types Of Number (Extended),US$3,US$4,https://payhip.com/25maths?src=kahoot_cie0580_l1&asset=e1-01
4,L1-CIE0580-E1-02,L1,cie0580,CIE 0580,Extended,CIE 0580 E1-02 Sets (Extended),short,30,CIE 0580 E1-02 Sets (Extended),CIE 0580 E1-02 Sets (Extended),US$3,US$4,https://payhip.com/25maths?src=kahoot_cie0580_l1&asset=e1-02
4,L1-CIE0580-E1-03,L1,cie0580,CIE 0580,Extended,CIE 0580 E1-03 Powers & Roots (Extended),short,40,CIE 0580 E1-03 Powers & Roots (Extended),CIE 0580 E1-03 Powers & Roots (Extended),US$3,US$4,https://payhip.com/25maths?src=kahoot_cie0580_l1&asset=e1-03
4,L1-CIE0580-E1-04,L1,cie0580,CIE 0580,Extended,CIE 0580 E1-04 FDP (Extended),short,29,CIE 0580 E1-04 FDP (Extended),CIE 0580 E1-04 FDP (Extended),US$3,US$4,https://payhip.com/25maths?src=kahoot_cie0580_l1&asset=e1-04
4,L1-CIE0580-E1-05,L1,cie0580,CIE 0580,Extended,CIE 0580 E1-05 Ordering (Extended),short,34,CIE 0580 E1-05 Ordering (Extended),CIE 0580 E1-05 Ordering (Extended),US$3,US$4,https://payhip.com/25maths?src=kahoot_cie0580_l1&asset=e1-05
4,L1-CIE0580-E1-06,L1,cie0580,CIE 0580,Extended,CIE 0580 E1-06 Four Operations (Extended),short,41,CIE 0580 E1-06 Four Operations (Extended),CIE 0580 E1-06 Four Operations (Extended),US$3,US$4,https://payhip.com/25maths?src=kahoot_cie0580_l1&asset=e1-06
4,L1-CIE0580-E1-07,L1,cie0580,CIE 0580,Extended,CIE 0580 E1-07 Indices I (Extended),short,35,CIE 0580 E1-07 Indices I (Extended),CIE 0580 E1-07 Indices I (Extended),US$3,US$4,https://payhip.com/25maths?src=kahoot_cie0580_l1&asset=e1-07
4,L1-CIE0580-E1-08,L1,cie0580,CIE 0580,Extended,CIE 0580 E1-08 Standard Form (Extended),short,39,CIE 0580 E1-08 Standard Form (Extended),CIE 0580 E1-08 Standard Form (Extended),US$3,US$4,https://payhip.com/25maths?src=kahoot_cie0580_l1&asset=e1-08
4,L1-CIE0580-E1-09,L1,cie0580,CIE 0580,Extended,CIE 0580 E1-09 Estimation & Approximation (Extended),short,52,CIE 0580 E1-09 Estimation & Approximation (Extended),CIE 0580 E1-09 Estimation & Approximation (Extended),US$3,US$4,https://payhip.com/25maths?src=kahoot_cie0580_l1&asset=e1-09
4,L1-CIE0580-E1-10,L1,cie0580,CIE 0580,Extended,CIE 0580 E1-10 Limits Of Accuracy (Extended),short,44,CIE 0580 E1-10 Limits Of Accuracy (Extended),CIE 0580 E1-10 Limits Of Accuracy (Extended),US$3,US$4,https://payhip.com/25maths?src=kahoot_cie0580_l1&asset=e1-10
4,L1-CIE0580-E1-11,L1,cie0580,CIE 0580,Extended,CIE 0580 E1-11 Ratio & Proportion (Extended),short,44,CIE 0580 E1-11 Ratio & Proportion (Extended),CIE 0580 E1-11 Ratio & Proportion (Extended),US$3,US$4,https://payhip.com/25maths?src=kahoot_cie0580_l1&asset=e1-11
4,L1-CIE0580-E1-12,L1,cie0580,CIE 0580,Extended,CIE 0580 E1-12 Rates (Extended),short,31,CIE 0580 E1-12 Rates (Extended),CIE 0580 E1-12 Rates (Extended),US$3,US$4,https://payhip.com/25maths?src=kahoot_cie0580_l1&asset=e1-12
4,L1-CIE0580-E1-13,L1,cie0580,CIE 0580,Extended,CIE 0580 E1-13 Percentages (Extended),short,37,CIE 0580 E1-13 Percentages (Extended),CIE 0580 E1-13 Percentages (Extended),US$3,US$4,https://payhip.com/25maths?src=kahoot_cie0580_l1&asset=e1-13
4,L1-CIE0580-E1-14,L1,cie0580,CIE 0580,Extended,CIE 0580 E1-14 Calculator Use (Extended),short,40,CIE 0580 E1-14 Calculator Use (Extended),CIE 0580 E1-14 Calculator Use (Extended),US$3,US$4,https://payhip.com/25maths?src=kahoot_cie0580_l1&asset=e1-14
4,L1-CIE0580-E1-15,L1,cie0580,CIE 0580,Extended,CIE 0580 E1-15 Time (Extended),short,30,CIE 0580 E1-15 Time (Extended),CIE 0580 E1-15 Time (Extended),US$3,US$4,https://payhip.com/25maths?src=kahoot_cie0580_l1&asset=e1-15
4,L1-CIE0580-E1-16,L1,cie0580,CIE 0580,Extended,CIE 0580 E1-16 Money (Extended),short,31,CIE 0580 E1-16 Money (Extended),CIE 0580 E1-16 Money (Extended),US$3,US$4,https://payhip.com/25maths?src=kahoot_cie0580_l1&asset=e1-16
4,L1-CIE0580-E1-17,L1,cie0580,CIE 0580,Extended,CIE 0580 E1-17 Exp Growth/Decay (Extended),short,42,CIE 0580 E1-17 Exp Growth/Decay (Extended),CIE 0580 E1-17 Exp Growth/Decay (Extended),US$3,US$4,https://payhip.com/25maths?src=kahoot_cie0580_l1&asset=e1-17
4,L1-CIE0580-E1-18,L1,cie0580,CIE 0580,Extended,CIE 0580 E1-18 Surds (Extended),short,31,CIE 0580 E1-18 Surds (Extended),CIE 0580 E1-18 Surds (Extended),US$3,US$4,https://payhip.com/25maths?src=kahoot_cie0580_l1&asset=e1-18
4,L1-CIE0580-E2-01,L1,cie0580,CIE 0580,Extended,CIE 0580 E2-01 Introduction To Algebra (Extended),short,49,CIE 0580 E2-01 Introduction To Algebra (Extended),CIE 0580 E2-01 Introduction To Algebra (Extended),US$3,US$4,https://payhip.com/25maths?src=kahoot_cie0580_l1&asset=e2-01
4,L1-CIE0580-E2-02,L1,cie0580,CIE 0580,Extended,CIE 0580 E2-02 Algebraic Manipulation (Extended),short,48,CIE 0580 E2-02 Algebraic Manipulation (Extended),CIE 0580 E2-02 Algebraic Manipulation (Extended),US$3,US$4,https://payhip.com/25maths?src=kahoot_cie0580_l1&asset=e2-02
4,L1-CIE0580-E2-03,L1,cie0580,CIE 0580,Extended,CIE 0580 E2-03 Algebraic Fractions (Extended),short,45,CIE 0580 E2-03 Algebraic Fractions (Extended),CIE 0580 E2-03 Algebraic Fractions (Extended),US$3,US$4,https://payhip.com/25maths?src=kahoot_cie0580_l1&asset=e2-03
4,L1-CIE0580-E2-04,L1,cie0580,CIE 0580,Extended,CIE 0580 E2-04 Indices Ii (Extended),short,36,CIE 0580 E2-04 Indices Ii (Extended),CIE 0580 E2-04 Indices Ii (Extended),US$3,US$4,https://payhip.com/25maths?src=kahoot_cie0580_l1&asset=e2-04
4,L1-CIE0580-E2-05,L1,cie0580,CIE 0580,Extended,CIE 0580 E2-05 Equations (Extended),short,35,CIE 0580 E2-05 Equations (Extended),CIE 0580 E2-05 Equations (Extended),US$3,US$4,https://payhip.com/25maths?src=kahoot_cie0580_l1&asset=e2-05
4,L1-CIE0580-E2-06,L1,cie0580,CIE 0580,Extended,CIE 0580 E2-06 Inequalities (Extended),short,38,CIE 0580 E2-06 Inequalities (Extended),CIE 0580 E2-06 Inequalities (Extended),US$3,US$4,https://payhip.com/25maths?src=kahoot_cie0580_l1&asset=e2-06
4,L1-CIE0580-E2-07,L1,cie0580,CIE 0580,Extended,CIE 0580 E2-07 Sequences (Extended),short,35,CIE 0580 E2-07 Sequences (Extended),CIE 0580 E2-07 Sequences (Extended),US$3,US$4,https://payhip.com/25maths?src=kahoot_cie0580_l1&asset=e2-07
4,L1-CIE0580-E2-08,L1,cie0580,CIE 0580,Extended,CIE 0580 E2-08 Proportion (Extended),short,36,CIE 0580 E2-08 Proportion (Extended),CIE 0580 E2-08 Proportion (Extended),US$3,US$4,https://payhip.com/25maths?src=kahoot_cie0580_l1&asset=e2-08
4,L1-CIE0580-E2-09,L1,cie0580,CIE 0580,Extended,CIE 0580 E2-09 Graphs In Practical Situations (Extended),short,56,CIE 0580 E2-09 Graphs In Practical Situations (Extended),CIE0580 E2-09 Graphs In Practical Situations (Ext),US$3,US$4,https://payhip.com/25maths?src=kahoot_cie0580_l1&asset=e2-09
4,L1-CIE0580-E2-10,L1,cie0580,CIE 0580,Extended,CIE 0580 E2-10 Graphs Of Functions (Extended),short,45,CIE 0580 E2-10 Graphs Of Functions (Extended),CIE 0580 E2-10 Graphs Of Functions (Extended),US$3,US$4,https://payhip.com/25maths?src=kahoot_cie0580_l1&asset=e2-10
4,L1-CIE0580-E2-11,L1,cie0580,CIE 0580,Extended,CIE 0580 E2-11 Sketching Curves (Extended),short,42,CIE 0580 E2-11 Sketching Curves (Extended),CIE 0580 E2-11 Sketching Curves (Extended),US$3,US$4,https://payhip.com/25maths?src=kahoot_cie0580_l1&asset=e2-11
4,L1-CIE0580-E2-12,L1,cie0580,CIE 0580,Extended,CIE 0580 E2-12 Differentiation (Extended),short,41,CIE 0580 E2-12 Differentiation (Extended),CIE 0580 E2-12 Differentiation (Extended),US$3,US$4,https://payhip.com/25maths?src=kahoot_cie0580_l1&asset=e2-12
4,L1-CIE0580-E2-13,L1,cie0580,CIE 0580,Extended,CIE 0580 E2-13 Functions (Extended),short,35,CIE 0580 E2-13 Functions (Extended),CIE 0580 E2-13 Functions (Extended),US$3,US$4,https://payhip.com/25maths?src=kahoot_cie0580_l1&asset=e2-13
4,L1-CIE0580-E3-01,L1,cie0580,CIE 0580,Extended,CIE 0580 E3-01 Coordinates (Extended),short,37,CIE 0580 E3-01 Coordinates (Extended),CIE 0580 E3-01 Coordinates (Extended),US$3,US$4,https://payhip.com/25maths?src=kahoot_cie0580_l1&asset=e3-01
4,L1-CIE0580-E3-02,L1,cie0580,CIE 0580,Extended,CIE 0580 E3-02 Drawing Linear Graphs (Extended),short,47,CIE 0580 E3-02 Drawing Linear Graphs (Extended),CIE 0580 E3-02 Drawing Linear Graphs (Extended),US$3,US$4,https://payhip.com/25maths?src=kahoot_cie0580_l1&asset=e3-02
4,L1-CIE0580-E3-03,L1,cie0580,CIE 0580,Extended,CIE 0580 E3-03 Gradient Of Linear Graphs (Extended),short,51,CIE 0580 E3-03 Gradient Of Linear Graphs (Extended),CIE 0580 E3-03 Gradient Of Linear Graphs (Extended),US$3,US$4,https://payhip.com/25maths?src=kahoot_cie0580_l1&asset=e3-03
4,L1-CIE0580-E3-04,L1,cie0580,CIE 0580,Extended,CIE 0580 E3-04 Length & Midpoint (Extended),short,43,CIE 0580 E3-04 Length & Midpoint (Extended),CIE 0580 E3-04 Length & Midpoint (Extended),US$3,US$4,https://payhip.com/25maths?src=kahoot_cie0580_l1&asset=e3-04
4,L1-CIE0580-E3-05,L1,cie0580,CIE 0580,Extended,CIE 0580 E3-05 Equations Of Linear Graphs (Extended),short,52,CIE 0580 E3-05 Equations Of Linear Graphs (Extended),CIE 0580 E3-05 Equations Of Linear Graphs (Extended),US$3,US$4,https://payhip.com/25maths?src=kahoot_cie0580_l1&asset=e3-05
4,L1-CIE0580-E3-06,L1,cie0580,CIE 0580,Extended,CIE 0580 E3-06 Parallel Lines (Extended),short,40,CIE 0580 E3-06 Parallel Lines (Extended),CIE 0580 E3-06 Parallel Lines (Extended),US$3,US$4,https://payhip.com/25maths?src=kahoot_cie0580_l1&asset=e3-06
4,L1-CIE0580-E3-07,L1,cie0580,CIE 0580,Extended,CIE 0580 E3-07 Perpendicular Lines (Extended),short,45,CIE 0580 E3-07 Perpendicular Lines (Extended),CIE 0580 E3-07 Perpendicular Lines (Extended),US$3,US$4,https://payhip.com/25maths?src=kahoot_cie0580_l1&asset=e3-07
4,L1-CIE0580-E4-01,L1,cie0580,CIE 0580,Extended,CIE 0580 E4-01 Geo Terms (Extended),short,35,CIE 0580 E4-01 Geo Terms (Extended),CIE 0580 E4-01 Geo Terms (Extended),US$3,US$4,https://payhip.com/25maths?src=kahoot_cie0580_l1&asset=e4-01
4,L1-CIE0580-E4-02,L1,cie0580,CIE 0580,Extended,CIE 0580 E4-02 Geo Constructions (Extended),short,43,CIE 0580 E4-02 Geo Constructions (Extended),CIE 0580 E4-02 Geo Constructions (Extended),US$3,US$4,https://payhip.com/25maths?src=kahoot_cie0580_l1&asset=e4-02
4,L1-CIE0580-E4-03,L1,cie0580,CIE 0580,Extended,CIE 0580 E4-03 Scale Drawings (Extended),short,40,CIE 0580 E4-03 Scale Drawings (Extended),CIE 0580 E4-03 Scale Drawings (Extended),US$3,US$4,https://payhip.com/25maths?src=kahoot_cie0580_l1&asset=e4-03
4,L1-CIE0580-E4-04,L1,cie0580,CIE 0580,Extended,CIE 0580 E4-04 Similarity (Extended),short,36,CIE 0580 E4-04 Similarity (Extended),CIE 0580 E4-04 Similarity (Extended),US$3,US$4,https://payhip.com/25maths?src=kahoot_cie0580_l1&asset=e4-04
4,L1-CIE0580-E4-05,L1,cie0580,CIE 0580,Extended,CIE 0580 E4-05 Symmetry (Extended),short,34,CIE 0580 E4-05 Symmetry (Extended),CIE 0580 E4-05 Symmetry (Extended),US$3,US$4,https://payhip.com/25maths?src=kahoot_cie0580_l1&asset=e4-05
4,L1-CIE0580-E4-06,L1,cie0580,CIE 0580,Extended,CIE 0580 E4-06 Angles (Extended),short,32,CIE 0580 E4-06 Angles (Extended),CIE 0580 E4-06 Angles (Extended),US$3,US$4,https://payhip.com/25maths?src=kahoot_cie0580_l1&asset=e4-06
4,L1-CIE0580-E4-07,L1,cie0580,CIE 0580,Extended,CIE 0580 E4-07 Circle Theorems I (Extended),short,43,CIE 0580 E4-07 Circle Theorems I (Extended),CIE 0580 E4-07 Circle Theorems I (Extended),US$3,US$4,https://payhip.com/25maths?src=kahoot_cie0580_l1&asset=e4-07
4,L1-CIE0580-E4-08,L1,cie0580,CIE 0580,Extended,CIE 0580 E4-08 Circle Theorems Ii (Extended),short,44,CIE 0580 E4-08 Circle Theorems Ii (Extended),CIE 0580 E4-08 Circle Theorems Ii (Extended),US$3,US$4,https://payhip.com/25maths?src=kahoot_cie0580_l1&asset=e4-08
4,L1-CIE0580-E5-01,L1,cie0580,CIE 0580,Extended,CIE 0580 E5-01 Units Of Measure (Extended),short,42,CIE 0580 E5-01 Units Of Measure (Extended),CIE 0580 E5-01 Units Of Measure (Extended),US$3,US$4,https://payhip.com/25maths?src=kahoot_cie0580_l1&asset=e5-01
4,L1-CIE0580-E5-02,L1,cie0580,CIE 0580,Extended,CIE 0580 E5-02 Area & Perimeter (Extended),short,42,CIE 0580 E5-02 Area & Perimeter (Extended),CIE 0580 E5-02 Area & Perimeter (Extended),US$3,US$4,https://payhip.com/25maths?src=kahoot_cie0580_l1&asset=e5-02
4,L1-CIE0580-E5-03,L1,cie0580,CIE 0580,Extended,CIE 0580 E5-03 Circles Arcs & Sectors (Extended),short,48,CIE 0580 E5-03 Circles Arcs & Sectors (Extended),CIE 0580 E5-03 Circles Arcs & Sectors (Extended),US$3,US$4,https://payhip.com/25maths?src=kahoot_cie0580_l1&asset=e5-03
4,L1-CIE0580-E5-04,L1,cie0580,CIE 0580,Extended,CIE 0580 E5-04 Surface Area & Volume (Extended),short,47,CIE 0580 E5-04 Surface Area & Volume (Extended),CIE 0580 E5-04 Surface Area & Volume (Extended),US$3,US$4,https://payhip.com/25maths?src=kahoot_cie0580_l1&asset=e5-04
4,L1-CIE0580-E5-05,L1,cie0580,CIE 0580,Extended,CIE 0580 E5-05 Compound Shapes (Extended),short,41,CIE 0580 E5-05 Compound Shapes (Extended),CIE 0580 E5-05 Compound Shapes (Extended),US$3,US$4,https://payhip.com/25maths?src=kahoot_cie0580_l1&asset=e5-05
4,L1-CIE0580-E6-01,L1,cie0580,CIE 0580,Extended,CIE 0580 E6-01 Pythagoras (Extended),short,36,CIE 0580 E6-01 Pythagoras (Extended),CIE 0580 E6-01 Pythagoras (Extended),US$3,US$4,https://payhip.com/25maths?src=kahoot_cie0580_l1&asset=e6-01
4,L1-CIE0580-E6-02,L1,cie0580,CIE 0580,Extended,CIE 0580 E6-02 Right Angled Triangles (Extended),short,48,CIE 0580 E6-02 Right Angled Triangles (Extended),CIE 0580 E6-02 Right Angled Triangles (Extended),US$3,US$4,https://payhip.com/25maths?src=kahoot_cie0580_l1&asset=e6-02
4,L1-CIE0580-E6-03,L1,cie0580,CIE 0580,Extended,CIE 0580 E6-03 Exact Trigonometric Values (Extended),short,52,CIE 0580 E6-03 Exact Trigonometric Values (Extended),CIE 0580 E6-03 Exact Trigonometric Values (Extended),US$3,US$4,https://payhip.com/25maths?src=kahoot_cie0580_l1&asset=e6-03
4,L1-CIE0580-E6-04,L1,cie0580,CIE 0580,Extended,CIE 0580 E6-04 Trigonometric Functions (Extended),short,49,CIE 0580 E6-04 Trigonometric Functions (Extended),CIE 0580 E6-04 Trigonometric Functions (Extended),US$3,US$4,https://payhip.com/25maths?src=kahoot_cie0580_l1&asset=e6-04
4,L1-CIE0580-E6-05,L1,cie0580,CIE 0580,Extended,CIE 0580 E6-05 Non Right Angled Triangles (Extended),short,52,CIE 0580 E6-05 Non Right Angled Triangles (Extended),CIE 0580 E6-05 Non Right Angled Triangles (Extended),US$3,US$4,https://payhip.com/25maths?src=kahoot_cie0580_l1&asset=e6-05
4,L1-CIE0580-E6-06,L1,cie0580,CIE 0580,Extended,CIE 0580 E6-06 Pythagoras & Trigonometry In 3D (Extended),short,57,CIE 0580 E6-06 Pythagoras & Trigonometry In 3D (Extended),CIE0580 E6-06 Pythagoras & Trigonometry In 3D (Ext),US$3,US$4,https://payhip.com/25maths?src=kahoot_cie0580_l1&asset=e6-06
4,L1-CIE0580-E7-01,L1,cie0580,CIE 0580,Extended,CIE 0580 E7-01 Transformations (Extended),short,41,CIE 0580 E7-01 Transformations (Extended),CIE 0580 E7-01 Transformations (Extended),US$3,US$4,https://payhip.com/25maths?src=kahoot_cie0580_l1&asset=e7-01
4,L1-CIE0580-E7-02,L1,cie0580,CIE 0580,Extended,CIE 0580 E7-02 Vectors In Two Dimensions (Extended),short,51,CIE 0580 E7-02 Vectors In Two Dimensions (Extended),CIE 0580 E7-02 Vectors In Two Dimensions (Extended),US$3,US$4,https://payhip.com/25maths?src=kahoot_cie0580_l1&asset=e7-02
4,L1-CIE0580-E7-03,L1,cie0580,CIE 0580,Extended,CIE 0580 E7-03 Magnitude Of A Vector (Extended),short,47,CIE 0580 E7-03 Magnitude Of A Vector (Extended),CIE 0580 E7-03 Magnitude Of A Vector (Extended),US$3,US$4,https://payhip.com/25maths?src=kahoot_cie0580_l1&asset=e7-03
4,L1-CIE0580-E7-04,L1,cie0580,CIE 0580,Extended,CIE 0580 E7-04 Vector Geometry (Extended),short,41,CIE 0580 E7-04 Vector Geometry (Extended),CIE 0580 E7-04 Vector Geometry (Extended),US$3,US$4,https://payhip.com/25maths?src=kahoot_cie0580_l1&asset=e7-04
4,L1-CIE0580-E8-01,L1,cie0580,CIE 0580,Extended,CIE 0580 E8-01 Introduction To Probability (Extended),short,53,CIE 0580 E8-01 Introduction To Probability (Extended),CIE0580 E8-01 Introduction To Probability (Extended),US$3,US$4,https://payhip.com/25maths?src=kahoot_cie0580_l1&asset=e8-01
4,L1-CIE0580-E8-02,L1,cie0580,CIE 0580,Extended,CIE 0580 E8-02 Rel & Exp Freq (Extended),short,40,CIE 0580 E8-02 Rel & Exp Freq (Extended),CIE 0580 E8-02 Rel & Exp Freq (Extended),US$3,US$4,https://payhip.com/25maths?src=kahoot_cie0580_l1&asset=e8-02
4,L1-CIE0580-E8-03,L1,cie0580,CIE 0580,Extended,CIE 0580 E8-03 Probability Of Combined Events (Extended),short,56,CIE 0580 E8-03 Probability Of Combined Events (Extended),CIE0580 E8-03 Probability Of Combined Events (Ext),US$3,US$4,https://payhip.com/25maths?src=kahoot_cie0580_l1&asset=e8-03
4,L1-CIE0580-E8-04,L1,cie0580,CIE 0580,Extended,CIE 0580 E8-04 Conditional Probability (Extended),short,49,CIE 0580 E8-04 Conditional Probability (Extended),CIE 0580 E8-04 Conditional Probability (Extended),US$3,US$4,https://payhip.com/25maths?src=kahoot_cie0580_l1&asset=e8-04
4,L1-CIE0580-E9-01,L1,cie0580,CIE 0580,Extended,CIE 0580 E9-01 Classifying Statistical Data (Extended),short,54,CIE 0580 E9-01 Classifying Statistical Data (Extended),CIE0580 E9-01 Classifying Statistical Data (Ext),US$3,US$4,https://payhip.com/25maths?src=kahoot_cie0580_l1&asset=e9-01
4,L1-CIE0580-E9-02,L1,cie0580,CIE 0580,Extended,CIE 0580 E9-02 Interpreting Statistical Data (Extended),short,55,CIE 0580 E9-02 Interpreting Statistical Data (Extended),CIE0580 E9-02 Interpreting Statistical Data (Ext),US$3,US$4,https://payhip.com/25maths?src=kahoot_cie0580_l1&asset=e9-02
4,L1-CIE0580-E9-03,L1,cie0580,CIE 0580,Extended,CIE 0580 E9-03 Averages & Range (Extended),short,42,CIE 0580 E9-03 Averages & Range (Extended),CIE 0580 E9-03 Averages & Range (Extended),US$3,US$4,https://payhip.com/25maths?src=kahoot_cie0580_l1&asset=e9-03
4,L1-CIE0580-E9-04,L1,cie0580,CIE 0580,Extended,CIE 0580 E9-04 Statistical Charts & Diagrams (Extended),short,55,CIE 0580 E9-04 Statistical Charts & Diagrams (Extended),CIE0580 E9-04 Statistical Charts & Diagrams (Ext),US$3,US$4,https://payhip.com/25maths?src=kahoot_cie0580_l1&asset=e9-04
4,L1-CIE0580-E9-05,L1,cie0580,CIE 0580,Extended,CIE 0580 E9-05 Scatter Diagrams (Extended),short,42,CIE 0580 E9-05 Scatter Diagrams (Extended),CIE 0580 E9-05 Scatter Diagrams (Extended),US$3,US$4,https://payhip.com/25maths?src=kahoot_cie0580_l1&asset=e9-05
4,L1-CIE0580-E9-06,L1,cie0580,CIE 0580,Extended,CIE 0580 E9-06 Cumulative Frequency Diagrams (Extended),short,55,CIE 0580 E9-06 Cumulative Frequency Diagrams (Extended),CIE0580 E9-06 Cumulative Frequency Diagrams (Ext),US$3,US$4,https://payhip.com/25maths?src=kahoot_cie0580_l1&asset=e9-06
4,L1-CIE0580-E9-07,L1,cie0580,CIE 0580,Extended,CIE 0580 E9-07 Histograms (Extended),short,36,CIE 0580 E9-07 Histograms (Extended),CIE 0580 E9-07 Histograms (Extended),US$3,US$4,https://payhip.com/25maths?src=kahoot_cie0580_l1&asset=e9-07
4,L1-EDX4MA1-F1-01,L1,edexcel-4ma1,Edexcel 4MA1,Foundation,Edexcel 4MA1 F1-01 Integers (Foundation),short,40,Edexcel 4MA1 F1-01 Integers (Foundation),Edexcel 4MA1 F1-01 Integers (Foundation),US$3,US$4,https://payhip.com/25maths?src=kahoot_edexcel_l1&asset=f1-01
4,L1-EDX4MA1-F1-02,L1,edexcel-4ma1,Edexcel 4MA1,Foundation,Edexcel 4MA1 F1-02 Fractions (Foundation),short,41,Edexcel 4MA1 F1-02 Fractions (Foundation),Edexcel 4MA1 F1-02 Fractions (Foundation),US$3,US$4,https://payhip.com/25maths?src=kahoot_edexcel_l1&asset=f1-02
4,L1-EDX4MA1-F1-03,L1,edexcel-4ma1,Edexcel 4MA1,Foundation,Edexcel 4MA1 F1-03 Decimals (Foundation),short,40,Edexcel 4MA1 F1-03 Decimals (Foundation),Edexcel 4MA1 F1-03 Decimals (Foundation),US$3,US$4,https://payhip.com/25maths?src=kahoot_edexcel_l1&asset=f1-03
4,L1-EDX4MA1-F1-04,L1,edexcel-4ma1,Edexcel 4MA1,Foundation,Edexcel 4MA1 F1-04 Powers & Roots (Foundation),short,46,Edexcel 4MA1 F1-04 Powers & Roots (Foundation),Edexcel 4MA1 F1-04 Powers & Roots (Foundation),US$3,US$4,https://payhip.com/25maths?src=kahoot_edexcel_l1&asset=f1-04
4,L1-EDX4MA1-F1-05,L1,edexcel-4ma1,Edexcel 4MA1,Foundation,Edexcel 4MA1 F1-05 Set Language & Notation (Foundation),short,55,Edexcel 4MA1 F1-05 Set Language & Notation (Foundation),4MA1 F1-05 Set Language & Notation (Foundation),US$3,US$4,https://payhip.com/25maths?src=kahoot_edexcel_l1&asset=f1-05
4,L1-EDX4MA1-F1-06,L1,edexcel-4ma1,Edexcel 4MA1,Foundation,Edexcel 4MA1 F1-06 Percentages (Foundation),short,43,Edexcel 4MA1 F1-06 Percentages (Foundation),Edexcel 4MA1 F1-06 Percentages (Foundation),US$3,US$4,https://payhip.com/25maths?src=kahoot_edexcel_l1&asset=f1-06
4,L1-EDX4MA1-F1-07,L1,edexcel-4ma1,Edexcel 4MA1,Foundation,Edexcel 4MA1 F1-07 Ratio & Proportion (Foundation),short,50,Edexcel 4MA1 F1-07 Ratio & Proportion (Foundation),Edexcel 4MA1 F1-07 Ratio & Proportion (Foundation),US$3,US$4,https://payhip.com/25maths?src=kahoot_edexcel_l1&asset=f1-07
4,L1-EDX4MA1-F1-08,L1,edexcel-4ma1,Edexcel 4MA1,Foundation,Edexcel 4MA1 F1-08 Degree Of Accuracy (Foundation),short,50,Edexcel 4MA1 F1-08 Degree Of Accuracy (Foundation),Edexcel 4MA1 F1-08 Degree Of Accuracy (Foundation),US$3,US$4,https://payhip.com/25maths?src=kahoot_edexcel_l1&asset=f1-08
4,L1-EDX4MA1-F1-09,L1,edexcel-4ma1,Edexcel 4MA1,Foundation,Edexcel 4MA1 F1-09 Standard Form (Foundation),short,45,Edexcel 4MA1 F1-09 Standard Form (Foundation),Edexcel 4MA1 F1-09 Standard Form (Foundation),US$3,US$4,https://payhip.com/25maths?src=kahoot_edexcel_l1&asset=f1-09
4,L1-EDX4MA1-F1-10,L1,edexcel-4ma1,Edexcel 4MA1,Foundation,Edexcel 4MA1 F1-10 Applying Number (Foundation),short,47,Edexcel 4MA1 F1-10 Applying Number (Foundation),Edexcel 4MA1 F1-10 Applying Number (Foundation),US$3,US$4,https://payhip.com/25maths?src=kahoot_edexcel_l1&asset=f1-10
4,L1-EDX4MA1-F1-11,L1,edexcel-4ma1,Edexcel 4MA1,Foundation,Edexcel 4MA1 F1-11 Electronic Calculators (Foundation),short,54,Edexcel 4MA1 F1-11 Electronic Calculators (Foundation),4MA1 F1-11 Electronic Calculators (Foundation),US$3,US$4,https://payhip.com/25maths?src=kahoot_edexcel_l1&asset=f1-11
4,L1-EDX4MA1-F2-01,L1,edexcel-4ma1,Edexcel 4MA1,Foundation,Edexcel 4MA1 F2-01 Use Of Symbols (Foundation),short,46,Edexcel 4MA1 F2-01 Use Of Symbols (Foundation),Edexcel 4MA1 F2-01 Use Of Symbols (Foundation),US$3,US$4,https://payhip.com/25maths?src=kahoot_edexcel_l1&asset=f2-01
4,L1-EDX4MA1-F2-02,L1,edexcel-4ma1,Edexcel 4MA1,Foundation,Edexcel 4MA1 F2-02 Algebraic Manipulation (Foundation),short,54,Edexcel 4MA1 F2-02 Algebraic Manipulation (Foundation),4MA1 F2-02 Algebraic Manipulation (Foundation),US$3,US$4,https://payhip.com/25maths?src=kahoot_edexcel_l1&asset=f2-02
4,L1-EDX4MA1-F2-03,L1,edexcel-4ma1,Edexcel 4MA1,Foundation,Edexcel 4MA1 F2-03 Expressions & Formulae (Foundation),short,54,Edexcel 4MA1 F2-03 Expressions & Formulae (Foundation),4MA1 F2-03 Expressions & Formulae (Foundation),US$3,US$4,https://payhip.com/25maths?src=kahoot_edexcel_l1&asset=f2-03
4,L1-EDX4MA1-F2-04,L1,edexcel-4ma1,Edexcel 4MA1,Foundation,Edexcel 4MA1 F2-04 Linear Equations (Foundation),short,48,Edexcel 4MA1 F2-04 Linear Equations (Foundation),Edexcel 4MA1 F2-04 Linear Equations (Foundation),US$3,US$4,https://payhip.com/25maths?src=kahoot_edexcel_l1&asset=f2-04
4,L1-EDX4MA1-F2-05,L1,edexcel-4ma1,Edexcel 4MA1,Foundation,Edexcel 4MA1 F2-05 Proportion (Foundation),short,42,Edexcel 4MA1 F2-05 Proportion (Foundation),Edexcel 4MA1 F2-05 Proportion (Foundation),US$3,US$4,https://payhip.com/25maths?src=kahoot_edexcel_l1&asset=f2-05
4,L1-EDX4MA1-F2-06,L1,edexcel-4ma1,Edexcel 4MA1,Foundation,Edexcel 4MA1 F2-06 Simultaneous Eqns (Foundation),short,49,Edexcel 4MA1 F2-06 Simultaneous Eqns (Foundation),Edexcel 4MA1 F2-06 Simultaneous Eqns (Foundation),US$3,US$4,https://payhip.com/25maths?src=kahoot_edexcel_l1&asset=f2-06
4,L1-EDX4MA1-F2-07,L1,edexcel-4ma1,Edexcel 4MA1,Foundation,Edexcel 4MA1 F2-07 Quadratic Equations (Foundation),short,51,Edexcel 4MA1 F2-07 Quadratic Equations (Foundation),Edexcel 4MA1 F2-07 Quadratic Equations (Foundation),US$3,US$4,https://payhip.com/25maths?src=kahoot_edexcel_l1&asset=f2-07
4,L1-EDX4MA1-F2-08,L1,edexcel-4ma1,Edexcel 4MA1,Foundation,Edexcel 4MA1 F2-08 Inequalities (Foundation),short,44,Edexcel 4MA1 F2-08 Inequalities (Foundation),Edexcel 4MA1 F2-08 Inequalities (Foundation),US$3,US$4,https://payhip.com/25maths?src=kahoot_edexcel_l1&asset=f2-08
4,L1-EDX4MA1-F3-01,L1,edexcel-4ma1,Edexcel 4MA1,Foundation,Edexcel 4MA1 F3-01 Sequences (Foundation),short,41,Edexcel 4MA1 F3-01 Sequences (Foundation),Edexcel 4MA1 F3-01 Sequences (Foundation),US$3,US$4,https://payhip.com/25maths?src=kahoot_edexcel_l1&asset=f3-01
4,L1-EDX4MA1-F3-02,L1,edexcel-4ma1,Edexcel 4MA1,Foundation,Edexcel 4MA1 F3-02 Function Notation (Foundation),short,49,Edexcel 4MA1 F3-02 Function Notation (Foundation),Edexcel 4MA1 F3-02 Function Notation (Foundation),US$3,US$4,https://payhip.com/25maths?src=kahoot_edexcel_l1&asset=f3-02
4,L1-EDX4MA1-F3-03,L1,edexcel-4ma1,Edexcel 4MA1,Foundation,Edexcel 4MA1 F3-03 Graphs (Foundation),short,38,Edexcel 4MA1 F3-03 Graphs (Foundation),Edexcel 4MA1 F3-03 Graphs (Foundation),US$3,US$4,https://payhip.com/25maths?src=kahoot_edexcel_l1&asset=f3-03
4,L1-EDX4MA1-F3-04,L1,edexcel-4ma1,Edexcel 4MA1,Foundation,Edexcel 4MA1 F3-04 Calculus (Foundation),short,40,Edexcel 4MA1 F3-04 Calculus (Foundation),Edexcel 4MA1 F3-04 Calculus (Foundation),US$3,US$4,https://payhip.com/25maths?src=kahoot_edexcel_l1&asset=f3-04
4,L1-EDX4MA1-F4-01,L1,edexcel-4ma1,Edexcel 4MA1,Foundation,"Edexcel 4MA1 F4-01 Angles, Lines & Triangles (Foundation)",short,57,"Edexcel 4MA1 F4-01 Angles, Lines & Triangles (Foundation)","4MA1 F4-01 Angles, Lines & Triangles (Foundation)",US$3,US$4,https://payhip.com/25maths?src=kahoot_edexcel_l1&asset=f4-01
4,L1-EDX4MA1-F4-02,L1,edexcel-4ma1,Edexcel 4MA1,Foundation,Edexcel 4MA1 F4-02 Polygons (Foundation),short,40,Edexcel 4MA1 F4-02 Polygons (Foundation),Edexcel 4MA1 F4-02 Polygons (Foundation),US$3,US$4,https://payhip.com/25maths?src=kahoot_edexcel_l1&asset=f4-02
4,L1-EDX4MA1-F4-03,L1,edexcel-4ma1,Edexcel 4MA1,Foundation,Edexcel 4MA1 F4-03 Symmetry (Foundation),short,40,Edexcel 4MA1 F4-03 Symmetry (Foundation),Edexcel 4MA1 F4-03 Symmetry (Foundation),US$3,US$4,https://payhip.com/25maths?src=kahoot_edexcel_l1&asset=f4-03
4,L1-EDX4MA1-F4-04,L1,edexcel-4ma1,Edexcel 4MA1,Foundation,Edexcel 4MA1 F4-04 Measures (Foundation),short,40,Edexcel 4MA1 F4-04 Measures (Foundation),Edexcel 4MA1 F4-04 Measures (Foundation),US$3,US$4,https://payhip.com/25maths?src=kahoot_edexcel_l1&asset=f4-04
4,L1-EDX4MA1-F4-05,L1,edexcel-4ma1,Edexcel 4MA1,Foundation,Edexcel 4MA1 F4-05 Construction (Foundation),short,44,Edexcel 4MA1 F4-05 Construction (Foundation),Edexcel 4MA1 F4-05 Construction (Foundation),US$3,US$4,https://payhip.com/25maths?src=kahoot_edexcel_l1&asset=f4-05
4,L1-EDX4MA1-F4-06,L1,edexcel-4ma1,Edexcel 4MA1,Foundation,Edexcel 4MA1 F4-06 Circle Properties (Foundation),short,49,Edexcel 4MA1 F4-06 Circle Properties (Foundation),Edexcel 4MA1 F4-06 Circle Properties (Foundation),US$3,US$4,https://payhip.com/25maths?src=kahoot_edexcel_l1&asset=f4-06
4,L1-EDX4MA1-F4-07,L1,edexcel-4ma1,Edexcel 4MA1,Foundation,Edexcel 4MA1 F4-07 Geo Reasoning (Foundation),short,45,Edexcel 4MA1 F4-07 Geo Reasoning (Foundation),Edexcel 4MA1 F4-07 Geo Reasoning (Foundation),US$3,US$4,https://payhip.com/25maths?src=kahoot_edexcel_l1&asset=f4-07
4,L1-EDX4MA1-F4-08,L1,edexcel-4ma1,Edexcel 4MA1,Foundation,Edexcel 4MA1 F4-08 Trigonometry & Pythagoras (Foundation),short,57,Edexcel 4MA1 F4-08 Trigonometry & Pythagoras (Foundation),4MA1 F4-08 Trigonometry & Pythagoras (Foundation),US$3,US$4,https://payhip.com/25maths?src=kahoot_edexcel_l1&asset=f4-08
4,L1-EDX4MA1-F4-09,L1,edexcel-4ma1,Edexcel 4MA1,Foundation,Edexcel 4MA1 F4-09 Mensuration Of 2D Shapes (Foundation),short,56,Edexcel 4MA1 F4-09 Mensuration Of 2D Shapes (Foundation),4MA1 F4-09 Mensuration Of 2D Shapes (Foundation),US$3,US$4,https://payhip.com/25maths?src=kahoot_edexcel_l1&asset=f4-09
4,L1-EDX4MA1-F4-10,L1,edexcel-4ma1,Edexcel 4MA1,Foundation,Edexcel 4MA1 F4-10 3D Shapes & Volume (Foundation),short,50,Edexcel 4MA1 F4-10 3D Shapes & Volume (Foundation),Edexcel 4MA1 F4-10 3D Shapes & Volume (Foundation),US$3,US$4,https://payhip.com/25maths?src=kahoot_edexcel_l1&asset=f4-10
4,L1-EDX4MA1-F4-11,L1,edexcel-4ma1,Edexcel 4MA1,Foundation,Edexcel 4MA1 F4-11 Similarity (Foundation),short,42,Edexcel 4MA1 F4-11 Similarity (Foundation),Edexcel 4MA1 F4-11 Similarity (Foundation),US$3,US$4,https://payhip.com/25maths?src=kahoot_edexcel_l1&asset=f4-11
4,L1-EDX4MA1-F5-01,L1,edexcel-4ma1,Edexcel 4MA1,Foundation,Edexcel 4MA1 F5-01 Vectors (Foundation),short,39,Edexcel 4MA1 F5-01 Vectors (Foundation),Edexcel 4MA1 F5-01 Vectors (Foundation),US$3,US$4,https://payhip.com/25maths?src=kahoot_edexcel_l1&asset=f5-01
4,L1-EDX4MA1-F5-02,L1,edexcel-4ma1,Edexcel 4MA1,Foundation,Edexcel 4MA1 F5-02 Transformation Geometry (Foundation),short,55,Edexcel 4MA1 F5-02 Transformation Geometry (Foundation),4MA1 F5-02 Transformation Geometry (Foundation),US$3,US$4,https://payhip.com/25maths?src=kahoot_edexcel_l1&asset=f5-02
4,L1-EDX4MA1-F6-01,L1,edexcel-4ma1,Edexcel 4MA1,Foundation,Edexcel 4MA1 F6-01 Graphical Data (Foundation),short,46,Edexcel 4MA1 F6-01 Graphical Data (Foundation),Edexcel 4MA1 F6-01 Graphical Data (Foundation),US$3,US$4,https://payhip.com/25maths?src=kahoot_edexcel_l1&asset=f6-01
4,L1-EDX4MA1-F6-02,L1,edexcel-4ma1,Edexcel 4MA1,Foundation,Edexcel 4MA1 F6-02 Statistical Measures (Foundation),short,52,Edexcel 4MA1 F6-02 Statistical Measures (Foundation),Edexcel 4MA1 F6-02 Statistical Measures (Foundation),US$3,US$4,https://payhip.com/25maths?src=kahoot_edexcel_l1&asset=f6-02
4,L1-EDX4MA1-F6-03,L1,edexcel-4ma1,Edexcel 4MA1,Foundation,Edexcel 4MA1 F6-03 Probability (Foundation),short,43,Edexcel 4MA1 F6-03 Probability (Foundation),Edexcel 4MA1 F6-03 Probability (Foundation),US$3,US$4,https://payhip.com/25maths?src=kahoot_edexcel_l1&asset=f6-03
4,L1-EDX4MA1-H1-01,L1,edexcel-4ma1,Edexcel 4MA1,Higher,Edexcel 4MA1 H1-01 Integers (Higher),short,36,Edexcel 4MA1 H1-01 Integers (Higher),Edexcel 4MA1 H1-01 Integers (Higher),US$3,US$4,https://payhip.com/25maths?src=kahoot_edexcel_l1&asset=h1-01
4,L1-EDX4MA1-H1-02,L1,edexcel-4ma1,Edexcel 4MA1,Higher,Edexcel 4MA1 H1-02 Fractions (Higher),short,37,Edexcel 4MA1 H1-02 Fractions (Higher),Edexcel 4MA1 H1-02 Fractions (Higher),US$3,US$4,https://payhip.com/25maths?src=kahoot_edexcel_l1&asset=h1-02
4,L1-EDX4MA1-H1-03,L1,edexcel-4ma1,Edexcel 4MA1,Higher,Edexcel 4MA1 H1-03 Decimals (Higher),short,36,Edexcel 4MA1 H1-03 Decimals (Higher),Edexcel 4MA1 H1-03 Decimals (Higher),US$3,US$4,https://payhip.com/25maths?src=kahoot_edexcel_l1&asset=h1-03
4,L1-EDX4MA1-H1-04,L1,edexcel-4ma1,Edexcel 4MA1,Higher,Edexcel 4MA1 H1-04 Powers & Roots (Higher),short,42,Edexcel 4MA1 H1-04 Powers & Roots (Higher),Edexcel 4MA1 H1-04 Powers & Roots (Higher),US$3,US$4,https://payhip.com/25maths?src=kahoot_edexcel_l1&asset=h1-04
4,L1-EDX4MA1-H1-05,L1,edexcel-4ma1,Edexcel 4MA1,Higher,Edexcel 4MA1 H1-05 Set Language & Notation (Higher),short,51,Edexcel 4MA1 H1-05 Set Language & Notation (Higher),Edexcel 4MA1 H1-05 Set Language & Notation (Higher),US$3,US$4,https://payhip.com/25maths?src=kahoot_edexcel_l1&asset=h1-05
4,L1-EDX4MA1-H1-06,L1,edexcel-4ma1,Edexcel 4MA1,Higher,Edexcel 4MA1 H1-06 Percentages (Higher),short,39,Edexcel 4MA1 H1-06 Percentages (Higher),Edexcel 4MA1 H1-06 Percentages (Higher),US$3,US$4,https://payhip.com/25maths?src=kahoot_edexcel_l1&asset=h1-06
4,L1-EDX4MA1-H1-07,L1,edexcel-4ma1,Edexcel 4MA1,Higher,Edexcel 4MA1 H1-07 Ratio & Proportion (Higher),short,46,Edexcel 4MA1 H1-07 Ratio & Proportion (Higher),Edexcel 4MA1 H1-07 Ratio & Proportion (Higher),US$3,US$4,https://payhip.com/25maths?src=kahoot_edexcel_l1&asset=h1-07
4,L1-EDX4MA1-H1-08,L1,edexcel-4ma1,Edexcel 4MA1,Higher,Edexcel 4MA1 H1-08 Degree Of Accuracy (Higher),short,46,Edexcel 4MA1 H1-08 Degree Of Accuracy (Higher),Edexcel 4MA1 H1-08 Degree Of Accuracy (Higher),US$3,US$4,https://payhip.com/25maths?src=kahoot_edexcel_l1&asset=h1-08
4,L1-EDX4MA1-H1-09,L1,edexcel-4ma1,Edexcel 4MA1,Higher,Edexcel 4MA1 H1-09 Standard Form (Higher),short,41,Edexcel 4MA1 H1-09 Standard Form (Higher),Edexcel 4MA1 H1-09 Standard Form (Higher),US$3,US$4,https://payhip.com/25maths?src=kahoot_edexcel_l1&asset=h1-09
4,L1-EDX4MA1-H1-10,L1,edexcel-4ma1,Edexcel 4MA1,Higher,Edexcel 4MA1 H1-10 Applying Number (Higher),short,43,Edexcel 4MA1 H1-10 Applying Number (Higher),Edexcel 4MA1 H1-10 Applying Number (Higher),US$3,US$4,https://payhip.com/25maths?src=kahoot_edexcel_l1&asset=h1-10
4,L1-EDX4MA1-H1-11,L1,edexcel-4ma1,Edexcel 4MA1,Higher,Edexcel 4MA1 H1-11 Electronic Calculators (Higher),short,50,Edexcel 4MA1 H1-11 Electronic Calculators (Higher),Edexcel 4MA1 H1-11 Electronic Calculators (Higher),US$3,US$4,https://payhip.com/25maths?src=kahoot_edexcel_l1&asset=h1-11
4,L1-EDX4MA1-H2-01,L1,edexcel-4ma1,Edexcel 4MA1,Higher,Edexcel 4MA1 H2-01 Use Of Symbols (Higher),short,42,Edexcel 4MA1 H2-01 Use Of Symbols (Higher),Edexcel 4MA1 H2-01 Use Of Symbols (Higher),US$3,US$4,https://payhip.com/25maths?src=kahoot_edexcel_l1&asset=h2-01
4,L1-EDX4MA1-H2-02,L1,edexcel-4ma1,Edexcel 4MA1,Higher,Edexcel 4MA1 H2-02 Algebraic Manipulation (Higher),short,50,Edexcel 4MA1 H2-02 Algebraic Manipulation (Higher),Edexcel 4MA1 H2-02 Algebraic Manipulation (Higher),US$3,US$4,https://payhip.com/25maths?src=kahoot_edexcel_l1&asset=h2-02
4,L1-EDX4MA1-H2-03,L1,edexcel-4ma1,Edexcel 4MA1,Higher,Edexcel 4MA1 H2-03 Expressions & Formulae (Higher),short,50,Edexcel 4MA1 H2-03 Expressions & Formulae (Higher),Edexcel 4MA1 H2-03 Expressions & Formulae (Higher),US$3,US$4,https://payhip.com/25maths?src=kahoot_edexcel_l1&asset=h2-03
4,L1-EDX4MA1-H2-04,L1,edexcel-4ma1,Edexcel 4MA1,Higher,Edexcel 4MA1 H2-04 Linear Equations (Higher),short,44,Edexcel 4MA1 H2-04 Linear Equations (Higher),Edexcel 4MA1 H2-04 Linear Equations (Higher),US$3,US$4,https://payhip.com/25maths?src=kahoot_edexcel_l1&asset=h2-04
4,L1-EDX4MA1-H2-05,L1,edexcel-4ma1,Edexcel 4MA1,Higher,Edexcel 4MA1 H2-05 Proportion (Higher),short,38,Edexcel 4MA1 H2-05 Proportion (Higher),Edexcel 4MA1 H2-05 Proportion (Higher),US$3,US$4,https://payhip.com/25maths?src=kahoot_edexcel_l1&asset=h2-05
4,L1-EDX4MA1-H2-06,L1,edexcel-4ma1,Edexcel 4MA1,Higher,Edexcel 4MA1 H2-06 Simultaneous Eqns (Higher),short,45,Edexcel 4MA1 H2-06 Simultaneous Eqns (Higher),Edexcel 4MA1 H2-06 Simultaneous Eqns (Higher),US$3,US$4,https://payhip.com/25maths?src=kahoot_edexcel_l1&asset=h2-06
4,L1-EDX4MA1-H2-07,L1,edexcel-4ma1,Edexcel 4MA1,Higher,Edexcel 4MA1 H2-07 Quadratic Equations (Higher),short,47,Edexcel 4MA1 H2-07 Quadratic Equations (Higher),Edexcel 4MA1 H2-07 Quadratic Equations (Higher),US$3,US$4,https://payhip.com/25maths?src=kahoot_edexcel_l1&asset=h2-07
4,L1-EDX4MA1-H2-08,L1,edexcel-4ma1,Edexcel 4MA1,Higher,Edexcel 4MA1 H2-08 Inequalities (Higher),short,40,Edexcel 4MA1 H2-08 Inequalities (Higher),Edexcel 4MA1 H2-08 Inequalities (Higher),US$3,US$4,https://payhip.com/25maths?src=kahoot_edexcel_l1&asset=h2-08
4,L1-EDX4MA1-H3-01,L1,edexcel-4ma1,Edexcel 4MA1,Higher,Edexcel 4MA1 H3-01 Sequences (Higher),short,37,Edexcel 4MA1 H3-01 Sequences (Higher),Edexcel 4MA1 H3-01 Sequences (Higher),US$3,US$4,https://payhip.com/25maths?src=kahoot_edexcel_l1&asset=h3-01
4,L1-EDX4MA1-H3-02,L1,edexcel-4ma1,Edexcel 4MA1,Higher,Edexcel 4MA1 H3-02 Function Notation (Higher),short,45,Edexcel 4MA1 H3-02 Function Notation (Higher),Edexcel 4MA1 H3-02 Function Notation (Higher),US$3,US$4,https://payhip.com/25maths?src=kahoot_edexcel_l1&asset=h3-02
4,L1-EDX4MA1-H3-03,L1,edexcel-4ma1,Edexcel 4MA1,Higher,Edexcel 4MA1 H3-03 Graphs (Higher),short,34,Edexcel 4MA1 H3-03 Graphs (Higher),Edexcel 4MA1 H3-03 Graphs (Higher),US$3,US$4,https://payhip.com/25maths?src=kahoot_edexcel_l1&asset=h3-03
4,L1-EDX4MA1-H3-04,L1,edexcel-4ma1,Edexcel 4MA1,Higher,Edexcel 4MA1 H3-04 Calculus (Higher),short,36,Edexcel 4MA1 H3-04 Calculus (Higher),Edexcel 4MA1 H3-04 Calculus (Higher),US$3,US$4,https://payhip.com/25maths?src=kahoot_edexcel_l1&asset=h3-04
4,L1-EDX4MA1-H4-01,L1,edexcel-4ma1,Edexcel 4MA1,Higher,"Edexcel 4MA1 H4-01 Angles, Lines & Triangles (Higher)",short,53,"Edexcel 4MA1 H4-01 Angles, Lines & Triangles (Higher)","4MA1 H4-01 Angles, Lines & Triangles (Higher)",US$3,US$4,https://payhip.com/25maths?src=kahoot_edexcel_l1&asset=h4-01
4,L1-EDX4MA1-H4-02,L1,edexcel-4ma1,Edexcel 4MA1,Higher,Edexcel 4MA1 H4-02 Polygons (Higher),short,36,Edexcel 4MA1 H4-02 Polygons (Higher),Edexcel 4MA1 H4-02 Polygons (Higher),US$3,US$4,https://payhip.com/25maths?src=kahoot_edexcel_l1&asset=h4-02
4,L1-EDX4MA1-H4-03,L1,edexcel-4ma1,Edexcel 4MA1,Higher,Edexcel 4MA1 H4-03 Symmetry (Higher),short,36,Edexcel 4MA1 H4-03 Symmetry (Higher),Edexcel 4MA1 H4-03 Symmetry (Higher),US$3,US$4,https://payhip.com/25maths?src=kahoot_edexcel_l1&asset=h4-03
4,L1-EDX4MA1-H4-04,L1,edexcel-4ma1,Edexcel 4MA1,Higher,Edexcel 4MA1 H4-04 Measures (Higher),short,36,Edexcel 4MA1 H4-04 Measures (Higher),Edexcel 4MA1 H4-04 Measures (Higher),US$3,US$4,https://payhip.com/25maths?src=kahoot_edexcel_l1&asset=h4-04
4,L1-EDX4MA1-H4-05,L1,edexcel-4ma1,Edexcel 4MA1,Higher,Edexcel 4MA1 H4-05 Construction (Higher),short,40,Edexcel 4MA1 H4-05 Construction (Higher),Edexcel 4MA1 H4-05 Construction (Higher),US$3,US$4,https://payhip.com/25maths?src=kahoot_edexcel_l1&asset=h4-05
4,L1-EDX4MA1-H4-06,L1,edexcel-4ma1,Edexcel 4MA1,Higher,Edexcel 4MA1 H4-06 Circle Properties (Higher),short,45,Edexcel 4MA1 H4-06 Circle Properties (Higher),Edexcel 4MA1 H4-06 Circle Properties (Higher),US$3,US$4,https://payhip.com/25maths?src=kahoot_edexcel_l1&asset=h4-06
4,L1-EDX4MA1-H4-07,L1,edexcel-4ma1,Edexcel 4MA1,Higher,Edexcel 4MA1 H4-07 Geo Reasoning (Higher),short,41,Edexcel 4MA1 H4-07 Geo Reasoning (Higher),Edexcel 4MA1 H4-07 Geo Reasoning (Higher),US$3,US$4,https://payhip.com/25maths?src=kahoot_edexcel_l1&asset=h4-07
4,L1-EDX4MA1-H4-08,L1,edexcel-4ma1,Edexcel 4MA1,Higher,Edexcel 4MA1 H4-08 Trigonometry & Pythagoras (Higher),short,53,Edexcel 4MA1 H4-08 Trigonometry & Pythagoras (Higher),4MA1 H4-08 Trigonometry & Pythagoras (Higher),US$3,US$4,https://payhip.com/25maths?src=kahoot_edexcel_l1&asset=h4-08
4,L1-EDX4MA1-H4-09,L1,edexcel-4ma1,Edexcel 4MA1,Higher,Edexcel 4MA1 H4-09 Mensuration (Higher),short,39,Edexcel 4MA1 H4-09 Mensuration (Higher),Edexcel 4MA1 H4-09 Mensuration (Higher),US$3,US$4,https://payhip.com/25maths?src=kahoot_edexcel_l1&asset=h4-09
4,L1-EDX4MA1-H4-10,L1,edexcel-4ma1,Edexcel 4MA1,Higher,Edexcel 4MA1 H4-10 3D Shapes & Volume (Higher),short,46,Edexcel 4MA1 H4-10 3D Shapes & Volume (Higher),Edexcel 4MA1 H4-10 3D Shapes & Volume (Higher),US$3,US$4,https://payhip.com/25maths?src=kahoot_edexcel_l1&asset=h4-10
4,L1-EDX4MA1-H4-11,L1,edexcel-4ma1,Edexcel 4MA1,Higher,Edexcel 4MA1 H4-11 Similarity (Higher),short,38,Edexcel 4MA1 H4-11 Similarity (Higher),Edexcel 4MA1 H4-11 Similarity (Higher),US$3,US$4,https://payhip.com/25maths?src=kahoot_edexcel_l1&asset=h4-11
4,L1-EDX4MA1-H5-01,L1,edexcel-4ma1,Edexcel 4MA1,Higher,Edexcel 4MA1 H5-01 Vectors (Higher),short,35,Edexcel 4MA1 H5-01 Vectors (Higher),Edexcel 4MA1 H5-01 Vectors (Higher),US$3,US$4,https://payhip.com/25maths?src=kahoot_edexcel_l1&asset=h5-01
4,L1-EDX4MA1-H5-02,L1,edexcel-4ma1,Edexcel 4MA1,Higher,Edexcel 4MA1 H5-02 Transformation Geometry (Higher),short,51,Edexcel 4MA1 H5-02 Transformation Geometry (Higher),Edexcel 4MA1 H5-02 Transformation Geometry (Higher),US$3,US$4,https://payhip.com/25maths?src=kahoot_edexcel_l1&asset=h5-02
4,L1-EDX4MA1-H6-01,L1,edexcel-4ma1,Edexcel 4MA1,Higher,Edexcel 4MA1 H6-01 Graphical Data (Higher),short,42,Edexcel 4MA1 H6-01 Graphical Data (Higher),Edexcel 4MA1 H6-01 Graphical Data (Higher),US$3,US$4,https://payhip.com/25maths?src=kahoot_edexcel_l1&asset=h6-01
4,L1-EDX4MA1-H6-02,L1,edexcel-4ma1,Edexcel 4MA1,Higher,Edexcel 4MA1 H6-02 Statistical Measures (Higher),short,48,Edexcel 4MA1 H6-02 Statistical Measures (Higher),Edexcel 4MA1 H6-02 Statistical Measures (Higher),US$3,US$4,https://payhip.com/25maths?src=kahoot_edexcel_l1&asset=h6-02
4,L1-EDX4MA1-H6-03,L1,edexcel-4ma1,Edexcel 4MA1,Higher,Edexcel 4MA1 H6-03 Probability (Higher),short,39,Edexcel 4MA1 H6-03 Probability (Higher),Edexcel 4MA1 H6-03 Probability (Higher),US$3,US$4,https://payhip.com/25maths?src=kahoot_edexcel_l1&asset=h6-03
